"id","name","team","position","avg_points","avg_pos_rank","avg_rank","avg_sd_pts","avg_gap","avg_floor","avg_ceiling","cluster"
"10262","Blaine Gabbert","TBB","QB",11.8487137958533,46,514,5.70602636552274,13.5230159190853,0.988699999999999,14.5117159190853,13
"10273","Cam Newton","CAR","QB",289.851133535737,6.33333333333333,70,18.0596918184445,40.8983294583333,265.346,306.244329458333,2
"10313","Andy Dalton","CIN","QB",219.790246581092,26,253.333333333333,18.2230419542153,41.2712766666667,198.89484,240.166116666667,7
"10413","Tyrod Taylor","LAC","QB",8.51222729930888,58,526,6.53179569875891,12.3778870082816,0.24,12.6178870082816,16
"10695","Andrew Luck","IND","QB",303.740133177066,4,54.6666666666667,14.6957177504326,33.0494758333333,283.432,316.481475833333,2
"10696","Robert Griffin III","BAL","QB",9.24566664540138,55.3333333333333,523.333333333333,4.33182901555727,10.2696620807453,0.734,11.0036620807453,15
"10697","Ryan Tannehill","TEN","QB",14.8637364486975,40,508,10.0541893848601,22.1337739313984,0.819999999999999,22.9537739313984,12
"10699","Nick Foles","JAC","QB",212.718803870224,28,272.333333333333,8.67751385021696,18.2646910833333,203.864,222.128691083333,7
"10700","Kirk Cousins","MIN","QB",269.574603673029,15.6666666666667,110.333333333333,14.345536149846,34.3939648333333,250.978,285.371964833333,5
"10703","Russell Wilson","SEA","QB",283.527665037765,8,80,17.0719774644466,35.8616187916667,267.506,303.367618791667,3
"10935","Alex Tanney","NYG","QB",0,71,539,NA,0,0,0,21
"10948","Case Keenum","WAS","QB",67.3325627026826,34,502,50.0493887491883,91.8238905383023,18.806,110.629890538302,9
"11150","Geno Smith","SEA","QB",9.69763440860215,53,521,5.86299688965482,7.32186046511628,0.272,7.59386046511628,15
"11151","Matt Barkley","BUF","QB",8.37654807017544,58.6666666666667,526.666666666667,3.76979191542543,8.93989298153034,0.66,9.59989298153034,16
"11152","Mike Glennon","OAK","QB",6.5156885030794,65.6666666666667,533.666666666667,4.66050374281731,10.4254210973085,0.34,10.7654210973085,19
"11170","Tyler Bray","CHI","QB",0,71,539,NA,0,0,0,21
"11441","Ryan Griffin","TBB","QB",0,71,539,NA,0,0,0,21
"11640","Teddy Bridgewater","NOS","QB",10.7961469962786,50.3333333333333,518.333333333333,6.05579477769416,13.2648649068323,0.706,13.9708649068323,14
"11642","Blake Bortles","LAR","QB",11.8851816852738,45.6666666666667,513.666666666667,6.01231814036751,13.4688454968944,0.809999999999999,14.2788454968944,13
"11643","A.J. McCarron","HOU","QB",6.58699001063264,64.6666666666667,532.666666666667,5.22687385527861,10.1867835658915,0.0939799999999999,10.2807635658915,19
"11644","Derek Carr","OAK","QB",236.709219529709,22.6666666666667,208,4.07353738881611,7.6350083333333,234.6038,242.238808333333,7
"11649","Tom Savage","DET","QB",6.23763440860215,67.3333333333333,535.333333333333,3.37697124771785,4.2172480620155,0.156666666666667,4.37391472868217,19
"11760","Jimmy Garoppolo","SFO","QB",237.256551418685,22.3333333333333,206.333333333333,30.0125252529009,75.5190508333334,190.03012,265.549170833333,7
"11835","David Fales","DET","QB",0,71,539,NA,0,0,0,21
"11854","Garrett Gilbert","CLE","QB",0,71,539,NA,0,0,0,21
"12140","Jameis Winston","TBB","QB",270.812192877181,14.3333333333333,105.333333333333,8.53447847807829,18.2945439544513,263.874,282.168543954451,5
"12141","Marcus Mariota","TEN","QB",221.372835332812,25,249,19.9594975986658,37.994327375,203.978,241.972327375,7
"12142","Brett Hundley","ARI","QB",9.82190095358516,52.6666666666667,520.666666666667,5.91460064409212,12.7119027950311,0.58,13.2919027950311,15
"12145","Sean Mannion","MIN","QB",5.58701941941942,70,538,3.13205409312231,5.93815521317829,0.312973333333334,6.25112854651163,20
"12381","Trevor Siemian","NYJ","QB",11.0106514194577,50,518,5.17939413613302,12.1224501449275,0.832,12.9544501449275,14
"12476","Taylor Heinicke","CAR","QB",9.52600656205421,54.3333333333333,522.333333333333,4.99090775256307,9.8698173526825,0.55244,10.4222573526825,15
"12610","Carson Wentz","PHI","QB",279.208660750828,11,88.6666666666667,13.3996014510323,29.6303854166667,264.89,294.520385416667,3
"12611","Jared Goff","LAR","QB",281.884126234699,9.33333333333333,83.3333333333333,9.14632736018459,20.3117055416667,275.744,296.055705541667,3
"12612","Paxton Lynch","SEA","QB",11.4502,48,516,8.22702046396147,10.258952484472,0.381673333333334,10.6406258178054,14
"12613","Connor Cook","FA","QB",5.89398573466476,69,537,7.31725003973587,9.13555403726708,1.27946666666667,10.4150207039337,20
"12615","Cardale Jones","LAC","QB",0,71,539,NA,0,0,0,21
"12616","Jacoby Brissett","IND","QB",7.26621856535962,62,530,4.81693893352889,9.18618239341085,0.26,9.44618239341085,18
"12617","Cody Kessler","PHI","QB",0,71,539,NA,0,0,0,21
"12618","Kevin Hogan","DEN","QB",0,71,539,NA,0,0,0,21
"12620","Dak Prescott","DAL","QB",275.981832976895,12,91.6666666666667,10.5543788278704,24.71747025,263.68,288.39747025,4
"12621","Brandon Allen","LAR","QB",0,71,539,NA,0,0,0,21
"12623","Jeff Driskel","CIN","QB",13.3501826794258,43.3333333333333,511.333333333333,6.45891919125083,14.9426816358839,0.993999999999999,15.9366816358839,13
"12815","Nate Sudfeld","PHI","QB",14.9494011642743,41.6666666666667,509.666666666667,7.07732894539213,16.6089629639402,1.156,17.7649629639402,12
"12819","Jake Rudock","MIA","QB",0,71,539,NA,0,0,0,21
"12925","Joe Callahan","BAL","QB",0,71,539,NA,0,0,0,21
"13113","Deshaun Watson","HOU","QB",306.729470222867,3,51.6666666666667,13.1768635976516,32.1652618322981,285.81,317.975261832298,2
"13114","DeShone Kizer","GBP","QB",6.76481061137693,64.3333333333333,532.333333333333,5.29157315523775,11.2058887693798,0.19,11.3958887693798,19
"13115","Mitchell Trubisky","CHI","QB",263.545569720579,19,128.333333333333,17.1089903402838,40.1411466666667,243.78622,283.927366666667,6
"13116","Patrick Mahomes","KCC","QB",342.810278195483,1,31,20.9314858319079,42.7628066666666,322.33106,365.093866666667,1
"13119","Joshua Dobbs","PIT","QB",8.88521121121121,57.3333333333333,525.333333333333,3.86356291224997,8.61741790890269,0.566666666666667,9.18408457556936,16
"13120","Davis Webb","NYJ","QB",0,71,539,NA,0,0,0,21
"13121","Chad Kelly","IND","QB",0,71,539,NA,0,0,0,21
"13124","Cooper Rush","DAL","QB",9.55639928062033,54.6666666666667,522.666666666667,4.37946742919997,9.96955848861284,0.62,10.5895584886128,15
"13125","C.J. Beathard","SFO","QB",48.84,35,503,35.091760795434,43.9108970976253,1.628,45.5388970976253,10
"13127","Nathan Peterman","OAK","QB",0,71,539,NA,0,0,0,21
"13389","Kyle Sloter","MIN","QB",0,71,539,NA,0,0,0,21
"13416","Phillip Walker","IND","QB",0,71,539,NA,0,0,0,21
"13424","Taysom Hill","NOS","QB",32.1121910871749,36,504,4.34358546354422,9.70576270833333,26.092,35.7977627083333,11
"13589","Josh Allen","BUF","QB",260.051264065186,21,146.333333333333,5.52607624724563,13.9074025672878,252.132,266.039402567288,6
"13590","Baker Mayfield","CLE","QB",282.249341231536,9.66666666666667,83,29.0921346131943,48.2371265838509,259.218,307.455126583851,3
"13591","Josh Rosen","MIA","QB",69.9464407578971,33,501,37.8327777662405,84.5697197204969,18.39,102.959719720497,9
"13592","Sam Darnold","NYJ","QB",215.193204015329,27,265,18.7954182232505,34.3663815,201.346,235.7123815,7
"13593","Lamar Jackson","BAL","QB",268.932943217993,15.3333333333333,111,10.5016904994202,17.8410237916667,267.502,285.343023791667,5
"13594","Luke Falk","NYJ","QB",0,71,539,NA,0,0,0,21
"13595","Mason Rudolph","PIT","QB",0,71,539,NA,0,0,0,21
"13598","Mike White","DAL","QB",0,71,539,NA,0,0,0,21
"13599","Tanner Lee","JAC","QB",0,71,539,NA,0,0,0,21
"13600","Kurt Benkert","ATL","QB",0,71,539,NA,0,0,0,21
"13601","Kyle Lauletta","NYG","QB",0,71,539,NA,0,0,0,21
"13824","Danny Etling","NEP","QB",0,71,539,NA,0,0,0,21
"13825","Alex McGough","JAC","QB",0,71,539,NA,0,0,0,21
"13846","Logan Woodside","TEN","QB",0,71,539,NA,0,0,0,21
"13873","Tim Boyle","GBP","QB",0,71,539,NA,0,0,0,21
"13879","Kyle Allen","CAR","QB",0,71,539,NA,0,0,0,21
"13892","Chase Litton","KCC","QB",0,71,539,NA,0,0,0,21
"13968","Nick Mullens","SFO","QB",10.9868708708709,49.6666666666667,517.666666666667,6.90553757396846,12.2317347826087,0.576000000000001,12.8077347826087,14
"14056","Kyler Murray","ARI","QB",264.435049773871,18.3333333333333,124.333333333333,4.99072857297936,9.39446437994718,261.646666666667,271.041131046614,6
"14057","Drew Lock","DEN","QB",15.0663347164592,40.6666666666667,508.666666666667,8.57894397824492,10.7643773087071,9.398,20.1623773087071,12
"14058","Dwayne Haskins","WAS","QB",144.855352697095,31.6666666666667,499.666666666667,23.1933259311345,28.997261627907,131.576,160.573261627907,8
"14059","Daniel Jones","NYG","QB",21.0972521899493,37,505,1.13523714284983,1.41932073643411,20.3726666666667,21.7919874031008,12
"14062","Will Grier","CAR","QB",15.1432826187183,39.6666666666667,507.666666666667,10.6194968172914,13.3247484608619,7.87266666666667,21.1974151275286,12
"14067","Gardner Minshew","JAC","QB",11.8238911940987,46.3333333333333,514.333333333333,3.90866459310321,4.90437291116974,9.24133333333333,14.1457062445031,13
"14069","Easton Stick","LAC","QB",0,71,539,NA,0,0,0,21
"14070","David Blough","CLE","QB",0,71,539,NA,0,0,0,21
"4925","Drew Brees","NOS","QB",289.925659891357,6.33333333333333,69.3333333333333,15.4412118919043,34.26817375,270.542,304.81017375,2
"5848","Tom Brady","NEP","QB",267.277963797299,16.6666666666667,116.333333333333,4.14598324211539,8.99363170807453,264.938,273.931631708075,5
"7391","Eli Manning","NYG","QB",190.5823470618,29.3333333333333,363.666666666667,10.0636021918189,23.6760236059806,183.265,206.941023605981,8
"7394","Philip Rivers","LAC","QB",262.631409145366,19.6666666666667,134.666666666667,7.02255904102673,16.8465704968944,254.308,271.154570496894,6
"7401","Ben Roethlisberger","PIT","QB",272.591106465379,13,98.6666666666667,9.01429719686595,19.9919792083333,262.758,282.749979208333,4
"7480","Matt Schaub","ATL","QB",6.2239574065932,66.6666666666667,534.666666666667,4.75036459590187,9.53834823643411,0.104,9.64234823643411,19
"7813","Alex Smith","WAS","QB",0,71,539,NA,0,0,0,21
"7836","Aaron Rodgers","GBP","QB",317.516997955873,2,44.6666666666667,15.507793854777,33.190545125,298.046,331.236545125,1
"8062","Ryan Fitzpatrick","MIA","QB",144.053445400528,31.3333333333333,499.333333333333,32.5386951090592,75.2529263953489,111.16678,186.419706395349,8
"8712","Drew Stanton","CLE","QB",7.68852720854826,60.3333333333333,528.333333333333,5.39380077892948,9.61468907867495,0.18,9.79468907867495,17
"9064","Joe Flacco","DEN","QB",188.36702154035,29.6666666666667,367.333333333333,18.249538954345,45.3622045030783,156.03104,201.393244503078,8
"9073","Chad Henne","KCC","QB",7.67262131844763,60.6666666666667,528.666666666667,4.97396593381898,11.0048567829457,0.446,11.4508567829457,17
"9099","Matt Ryan","ATL","QB",291.491820825241,5.33333333333333,65.3333333333333,7.32000325027625,15.9177166873706,285.064,300.981716687371,2
"9431","Matthew Stafford","DET","QB",225.730818922127,24,238.666666666667,10.7703504517195,23.7019262181179,216.978,240.679926218118,7
"9706","Chase Daniel","CHI","QB",13.2326738702818,43.6666666666667,511.666666666667,8.75869629443891,17.907941996482,0.734,18.641941996482,13
"9714","Brian Hoyer","NEP","QB",6.66552832832833,64.3333333333333,532.333333333333,4.94419982582315,7.89093261627907,0.30708,8.19801261627907,19
"9899","Colt McCoy","WAS","QB",18.56,38,506,13.3354439058815,16.6868601583113,0.618666666666667,17.305526824978,12
"9992","Joe Webb","HOU","QB",0,71,539,NA,0,0,0,21
"10276","Mark Ingram","BAL","RB",168.387044656373,22,38,2.52832358947964,4.84929762500002,168.282866666667,173.132164291667,3
"10300","Jacquizz Rodgers","NOS","RB",16.176,94.6666666666667,397.666666666667,11.6225291283157,14.4930931677019,0.539200000000001,15.0322931677019,11
"10368","Taiwan Jones","HOU","RB",5.669,124,430.333333333333,4.07320212836436,5.07921273291926,0.188966666666667,5.26817939958592,16
"10369","Bilal Powell","NYJ","RB",0,166,498,NA,0,0,0,21
"10378","Anthony Sherman","KCC","RB",5.453,128,435,3.9180051518735,4.88568478260869,0.181766666666667,5.06745144927536,16
"10389","Dion Lewis","TEN","RB",96.7724599606419,39,152.333333333333,27.1860432524154,43.715975,77.1254666666667,120.841441666667,5
"10514","Nick Bellore","SEA","RB",3.867,141,449.333333333333,2.77845698189892,3.46468788819876,0.1289,3.59358788819876,18
"10708","Lamar Miller","HOU","RB",150.386249243112,26,49,8.02926328715938,18.1964583333333,145.34,163.536458333333,3
"10709","Doug Martin","OAK","RB",28.5511186799879,79,365.666666666667,20.3668179348037,40.5747476190476,4.752,45.3267476190476,9
"10870","Alfred Morris","DAL","RB",17.4944536376605,91.6666666666667,394.666666666667,13.40778241887,21.6691131046614,0.715466666666667,22.3845797713281,11
"10932","Brandon Bolden","NEP","RB",6.20416690442225,120.333333333333,426.666666666667,3.88911532578481,6.92281630434783,0.326666666666667,7.24948297101449,15
"10985","Jamize Olawale","DAL","RB",2.61834236804565,152.666666666667,462.666666666667,1.98699306748045,4.02244710144928,0.0533333333333334,4.07578043478261,20
"11100","Patrick DiMarco","BUF","RB",2.53265763195435,154,464,1.92821785593762,4.0417216873706,0.04,4.0817216873706,20
"11101","James Develin","NEP","RB",7.07059392976082,116.666666666667,422.666666666667,1.16435559406839,2.16080795833333,5.8094,7.97020795833333,14
"11175","Andre Ellington","TBB","RB",14.1638002853067,97,400,8.85871193894995,15.6677556728232,0.737600000000001,16.4053556728232,12
"11177","Kenjon Barner","ATL","RB",5.87720970042796,122,428.333333333333,4.19462643926467,6.83848126649076,0.2776,7.11608126649076,16
"11182","Rex Burkhead","NEP","RB",62.7333832122313,58,244,23.7734911226741,51.4999,42.4678666666667,93.9677666666667,7
"11186","Chris Thompson","WAS","RB",68.4125180139267,55.6666666666667,228,8.75711322560409,16.8310321899736,58.2705333333333,75.101565523307,6
"11188","Theo Riddick","DEN","RB",43.6968698060942,67,309.333333333333,20.7252629022173,26.05424625,29.7165,55.77074625,8
"11192","Le'Veon Bell","NYJ","RB",227.830892824705,5,5,23.6740845962742,39.5005904761905,207.546666666667,247.047257142857,2
"11193","Giovani Bernard","CIN","RB",71.6179669996972,52.6666666666667,221.333333333333,5.94771072376003,10.9377897977133,66.184,77.1217897977133,6
"11199","Spencer Ware","IND","RB",9.26231562216167,108.333333333333,413.666666666667,9.16288195358625,14.513400931677,2.048,16.561400931677,13
"11367","Kyle Juszczyk","SFO","RB",28.704430896155,79.6666666666667,366.333333333333,19.9544667649048,32.618292348285,11.8214666666667,44.4397590149516,9
"11390","Latavius Murray","NOS","RB",123.057097108689,32,79.3333333333333,28.1002295814059,53.0395880416667,101.787533333333,154.827121375,4
"11432","Benny Cunningham","JAC","RB",12.2179514978602,100.333333333333,404,9.17060818939018,20.5602737027265,0.0416,20.6018737027265,12
"11454","C.J. Anderson","DET","RB",71.4879028156222,52.3333333333333,221.333333333333,29.7047132913921,48.18422975,48.1276,96.31182975,6
"11474","Zach Line","NOS","RB",5.555,125,431.666666666667,3.99129261299418,4.97707298136646,0.185166666666667,5.16223964803313,16
"11524","Derrick Coleman","FA","RB",1.063,163,475,NA,0,1.063,1.063,21
"11657","Carlos Hyde","KCC","RB",93.36285626703,42,163,26.2524942703373,49.1130725,73.956,123.0690725,5
"11660","Devonta Freeman","ATL","RB",183.619156524372,18.6666666666667,29.3333333333333,15.5767308322586,26.1500229296066,173.406666666667,199.556689596273,2
"11668","Isaiah Crowell","OAK","RB",0,166,498,NA,0,0,0,21
"11747","James White","NEP","RB",147.450798743566,27,50,2.32893251287957,4.106491292876,145.297866666667,149.404357959543,3
"11761","Jerick McKinnon","SFO","RB",99.1879400544959,38.6666666666667,146.333333333333,36.9096506217662,73.2749708333333,71.3085333333333,144.583504166667,5
"11834","Alfred Blue","JAC","RB",42.1916003633061,68,322,2.4188871564103,5.40709270008796,40.1125333333333,45.5196260334213,8
"11886","Damien Williams","KCC","RB",202.51449939449,13,18,4.10261807225669,8.00514347826086,199.533333333333,207.538476811594,2
"11894","David Fluellen","TEN","RB",0.326,165,484,0.234232473777876,0.292083850931677,0.0108666666666667,0.302950517598344,21
"11964","Senorise Perry","BUF","RB",2.369,156,466,1.70213720975395,2.12253571428571,0.0789666666666667,2.20150238095238,20
"12040","Keith Smith","OAK","RB",1.517,161,471.333333333333,1.08997135804,1.35917546583851,0.0505666666666667,1.40974213250518,20
"12150","Todd Gurley","LAR","RB",216.243453754163,8,8,14.7998233886233,31.3953799583333,204.427933333333,235.823313291667,2
"12151","Melvin Gordon","LAC","RB",211.99976165607,10,11.3333333333333,25.6517261094605,44.7137142916667,188.042866666667,232.756580958333,2
"12152","Tevin Coleman","SFO","RB",137.392830078716,28,58.6666666666667,15.8266238294054,29.2770706004141,123.06,152.337070600414,4
"12153","T.J. Yeldon","BUF","RB",54.8855552528005,61.6666666666667,262.333333333333,7.1980348668993,12.4061217391304,48.6533333333333,61.0594550724638,7
"12155","Ameer Abdullah","MIN","RB",8.01195013850416,114.333333333333,420.333333333333,10.6166227992083,13.2387453416149,1.38253333333333,14.6212786749482,13
"12156","Jeremy Langford","FA","RB",3.42,147,455.666666666667,NA,0,3.42,3.42,19
"12157","Duke Johnson","CLE","RB",76.8989360429912,49,204,18.7865955031758,33.4663291666667,60.7764,94.2427291666667,6
"12159","Javorius Allen","NOS","RB",0,166,498,NA,0,0,0,21
"12161","Cameron Artis-Payne","CAR","RB",17.9514992867332,90,392.666666666667,9.79965934363434,18.8796772647318,1.0174,19.8970772647318,11
"12164","Mike Davis","CHI","RB",80.8170728125946,46.3333333333333,194.333333333333,54.4958369467472,96.1945708333333,38.1288,134.323370833333,6
"12169","Thomas Rawls","JAC","RB",11.411,102.333333333333,406.333333333333,8.19885508674646,10.2238307453416,0.380366666666667,10.6041974120083,12
"12171","David Johnson","ARI","RB",226.460883590675,6,6,17.207395440736,31.5522237060042,213.42,244.972223706004,2
"12261","Ty Montgomery","NYJ","RB",15.6923751135332,95,398,10.513027505507,21.2726752418646,3.09966666666667,24.3723419085312,11
"12264","Zach Zenner","DET","RB",32.2262086739328,76.3333333333333,359.666666666667,5.64768137340518,10.3564092650104,26.4133333333333,36.7697425983437,9
"12325","Michael Burton","NOS","RB",3.254,148,456.666666666667,2.33801371065402,2.91546273291925,0.108466666666667,3.02392939958592,19
"12367","Marcus Murphy","BUF","RB",0,166,498,NA,0,0,0,21
"12386","Malcolm Brown","LAR","RB",55.6461665152891,61,260.666666666667,23.8715708411665,40.2685375,33.5269333333333,73.7954708333333,7
"12402","Corey Grant","GBP","RB",5.099,129,436,3.66365455151347,4.56851397515528,0.169966666666667,4.73848064182195,17
"12444","Rod Smith","NYG","RB",4.23085306704708,139,447,2.57976197059292,4.67013188405797,0.226666666666667,4.89679855072464,18
"12447","Raheem Mostert","SFO","RB",8.19096433666191,114.666666666667,420.666666666667,4.0317605973044,8.33160486542443,0.493333333333334,8.82493819875776,13
"12625","Ezekiel Elliott","DAL","RB",269.512168710263,2,2,30.5719563852656,52.4339471532091,241.9,294.333947153209,1
"12626","Derrick Henry","TEN","RB",189.921848319709,14,22,6.5334097157642,13.26315,184.841333333333,198.104483333333,2
"12627","C.J. Prosise","SEA","RB",6.24337375178317,120.333333333333,426.333333333333,4.6633315382601,10.0433731310466,0.0603333333333334,10.1037064643799,15
"12629","Devontae Booker","DEN","RB",52.6105139267333,64,269,6.99358170579512,12.2861064204046,47.0126666666667,59.2987730870712,7
"12630","Kenyan Drake","MIA","RB",162.89932803512,23,41,15.7693244295465,31.6734,145.926266666667,177.599666666667,3
"12631","Paul Perkins","NYG","RB",8.42778887303852,112.333333333333,418.333333333333,6.42267301012892,11.3628095238095,0.293333333333334,11.6561428571429,13
"12632","Kenneth Dixon","BAL","RB",36.2105697093551,74,350.666666666667,25.3645871108373,43.7675398333333,16.0837333333333,59.8512731666667,8
"12634","Jordan Howard","PHI","RB",127.719530881017,29.6666666666667,70.6666666666667,46.5724866423501,88.0277166666667,91.1242666666667,179.151983333333,4
"12635","Jonathan Williams","IND","RB",3.142,149,458,2.25754120432542,2.8151149068323,0.104733333333333,2.91984824016563,19
"12636","Wendell Smallwood","PHI","RB",45.5193687556767,66,299.333333333333,18.9972144804206,43.7529291666667,16.8306666666667,60.5835958333333,8
"12637","Peyton Barber","TBB","RB",109.221966772631,35.6666666666667,106.666666666667,8.76570611116219,18.3875670416667,103.853933333333,122.241500375,4
"12639","Tyler Ervin","BAL","RB",3.521,146,454.666666666667,2.52985441770522,3.1546847826087,0.117366666666667,3.27205144927536,19
"12640","Josh Ferguson","HOU","RB",22.287,83,379.333333333333,16.0133102548697,19.9683214285714,0.742900000000001,20.7112214285714,10
"12642","Kenneth Farrow","MIA","RB",3.581,145,453.333333333333,2.57296468895268,3.20844254658385,0.119366666666667,3.32780921325052,19
"12644","Tre Madden","SEA","RB",5.686,123,429.333333333333,NA,0,5.686,5.686,16
"12806","Andy Janovich","DEN","RB",2.953,150,460,2.12174384989592,2.64577795031056,0.0984333333333334,2.74421128364389,19
"12822","Dan Vitale","GBP","RB",0,166,498,NA,0,0,0,21
"12823","Derek Watt","LAC","RB",3.614,144,452.333333333333,2.59667533813879,3.23800931677019,0.120466666666667,3.35847598343685,19
"12832","Darius Jackson","DAL","RB",12.5834707560628,99.3333333333333,403,9.59890266841864,15.8439838610378,0.492866666666667,16.3368505277045,12
"12845","Dwayne Washington","NOS","RB",17.2010085528308,92.6666666666667,395.666666666667,9.37437589255939,16.5403790677221,9.19933333333333,25.7397124010554,11
"12857","DeAndre Washington","OAK","RB",23.9118448753463,81.6666666666667,374.666666666667,16.4544720306354,20.68532825,12.8123666666667,33.4976949166667,10
"12864","Byron Marshall","WAS","RB",0.051,159,489.166666666667,NA,0,0.051,0.051,21
"12871","D.J. Foster","ARI","RB",8.597,111,417,6.1769833652405,7.70259161490683,0.286566666666667,7.9891582815735,13
"12912","Jalen Richard","OAK","RB",85.3471570541932,45,184.666666666667,23.9080280833353,46.680075,57.2118666666667,103.891941666667,5
"12923","C.J. Ham","MIN","RB",6.421,119.333333333333,425.666666666667,4.61351752799921,5.75297670807453,0.214033333333334,5.96701004140787,15
"12929","Troymaine Pope","LAC","RB",4.29,138,446,3.08238439419353,3.8436801242236,0.143,3.9866801242236,18
"13057","Tra Carson","GBP","RB",5.477,126,433,3.93524926037248,4.90718788819876,0.182566666666667,5.08975455486542,16
"13108","J.D. McKissic","SEA","RB",37.3174626038781,72.6666666666667,346.666666666667,24.7194295332947,31.075413,20.6428,51.718213,8
"13128","Dalvin Cook","MIN","RB",213.602976309416,9,9,12.2666661227921,19.2179765833334,204.215866666667,223.43384325,2
"13129","Leonard Fournette","JAC","RB",183.707652134423,18.3333333333333,29,15.6497482429467,32.47878625,165.031333333333,197.510119583333,2
"13130","Christian McCaffrey","CAR","RB",249.260321298819,4,4,24.5198421410772,49.9366105072464,230.733333333333,280.66994384058,1
"13131","Joe Mixon","CIN","RB",209.588508552831,11,14,23.184343217526,36.951210300207,191.506666666667,228.457876966874,2
"13132","Alvin Kamara","NOS","RB",258.475981910385,3,3,8.64025374100195,17.8857371635611,248.553333333333,266.439070496894,1
"13133","Samaje Perine","WAS","RB",6.57,118,424,4.72057470159708,5.8864751552795,0.219,6.1054751552795,15
"13134","D'Onta Foreman","FA","RB",62.7056849833485,58.3333333333333,244,19.6309676331349,45.3801404166667,35.2413333333333,80.62147375,7
"13135","Wayne Gallman","NYG","RB",29.1531525128671,78.3333333333333,364.666666666667,7.92354829552752,17.7781912049252,17.6801333333333,35.4583245382586,9
"13136","Corey Clement","PHI","RB",40.846621253406,70,330,13.9965878033711,33.0386628881988,19.4,52.4386628881988,8
"13137","Donnel Pumphrey","PHI","RB",0,166,498,NA,0,0,0,21
"13138","Kareem Hunt","CLE","RB",68.9948978958523,54.6666666666667,226.333333333333,3.50759967025601,6.35712758799173,65.3066666666667,71.6637942546584,6
"13139","Jamaal Williams","GBP","RB",74.261803133515,51,214.666666666667,9.52345524184613,17.050001625,66.1026,83.152601625,6
"13140","Matthew Dayes","NOS","RB",2.281,158,468,1.63890881192434,2.04369099378882,0.0760333333333334,2.11972432712215,20
"13142","T.J. Logan","ARI","RB",2.65065927977839,152.333333333333,462.333333333333,3.20596717176958,3.99778571428571,0.648733333333333,4.64651904761905,20
"13143","Jeremy McNichols","TEN","RB",4.084,140,448,2.93437246291057,3.65911180124224,0.136133333333333,3.79524513457557,18
"13144","Elijah McGuire","NYJ","RB",38.7171292764154,72,341.333333333333,16.2647020258997,28.3541271221532,23.3306666666667,51.6847937888199,8
"13146","James Conner","PIT","RB",221.525971919467,7,7,7.72054303753213,16.825856375,216.076866666667,232.902723041667,2
"13148","Dare Ogunbowale","FA","RB",3.628,143,451.333333333333,2.60673440142986,3.25055279503106,0.120933333333333,3.37148612836439,19
"13150","Justin Davis","LAR","RB",0.97,164,477,0.696949385167301,0.869083850931677,0.0323333333333334,0.90141718426501,21
"13234","Marlon Mack","IND","RB",186.723927944293,16,25.3333333333333,17.7054595785821,30.139333125,172.953,203.092333125,2
"13239","Elijhaa Penny","NYG","RB",4.612,133,441,3.31374284988824,4.1321801242236,0.153733333333333,4.28591345755694,17
"13240","Brian Hill","ATL","RB",11.2457988587732,103.333333333333,407.333333333333,6.08904177111139,11.7919747141601,0.640333333333334,12.4323080474934,12
"13290","Tarik Cohen","CHI","RB",128.786572207084,29.3333333333333,69,13.9257317427402,29.7738705833333,119.592933333333,149.366803916667,4
"13319","Aaron Jones","GBP","RB",185.800732515895,17,26.6666666666667,24.9058467679309,44.2273029583334,166.278066666667,210.505369625,2
"13326","Alexander Armah","CAR","RB",10.9492624821683,104.666666666667,409,8.48555140890013,13.56119063147,0.473333333333334,14.0345239648033,12
"13334","De'Angelo Henderson","MIN","RB",2.09,159,469,1.50167444845326,1.87256211180124,0.0696666666666667,1.94222877846791,20
"13357","Devante Mays","JAC","RB",0,166,498,NA,0,0,0,21
"13359","Khalfani Muhammad","DEN","RB",0,166,498,NA,0,0,0,21
"13364","Chris Carson","SEA","RB",155.097110808356,25,45.6666666666667,29.4029053564095,61.0607611801242,119.84,180.900761180124,3
"13378","Matt Breida","SFO","RB",77.2475520738722,48.3333333333333,202.333333333333,2.08021536486808,3.9135625,74.9401333333333,78.8536958333333,6
"13404","Austin Ekeler","LAC","RB",117.729344989404,34,89,3.37781459745447,6.13475416666667,114.1064,120.241154166667,4
"13452","Trey Edmunds","PIT","RB",4.877,130,437.333333333333,3.50414654789786,4.3696102484472,0.162566666666667,4.53217691511387,17
"13455","Patrick Ricard","BAL","RB",4.531,134,442,3.25554398370417,4.05960714285714,0.151033333333333,4.21064047619048,17
"13603","Quinton Flowers","CIN","RB",0,166,498,NA,0,0,0,21
"13604","Saquon Barkley","NYG","RB",293.044943914623,1,1,15.2040727171175,31.7496897083333,273.103533333333,304.853223041667,1
"13605","Derrius Guice","WAS","RB",120.35021374508,33,84.3333333333333,18.0465604869202,32.8840275833333,103.817466666667,136.70149425,4
"13606","Ronald Jones","TBB","RB",80.050717075386,46.6666666666667,195.333333333333,16.9567237952378,29.6223106625259,63.9533333333333,93.5756439958592,6
"13607","Sony Michel","NEP","RB",171.671324250681,21,35.6666666666667,33.0459190004389,61.232958,138.3928,199.625758,3
"13608","Rashaad Penny","SEA","RB",125.011248561913,31,76.6666666666667,23.3357911400133,45.4070583333333,107.1588,152.565858333333,4
"13610","Nick Chubb","CLE","RB",207.36904238571,12,15,20.2745315349173,41.8093906666667,182.665066666667,224.474457333333,2
"13611","Josh Adams","PHI","RB",12.6495736451711,99,402.666666666667,8.46396436232466,16.42675525,3.18973333333333,19.6164885833333,12
"13612","Kerryon Johnson","DET","RB",188.950298592189,15,23.3333333333333,7.59256452985587,13.2010577122153,184.093333333333,197.294391045549,2
"13613","Jaylen Samuels","PIT","RB",94.9580180896155,41,158.666666666667,26.1690449343353,43.6032125,71.5446666666667,115.147879166667,5
"13614","Phillip Lindsay","DEN","RB",173.576328867696,20,34,8.92918830222017,18.7672583333333,167.839466666667,186.606725,3
"13615","Bo Scarbrough","SEA","RB",0,166,498,NA,0,0,0,21
"13616","Mark Walton","MIA","RB",4.694,132,439.666666666667,3.3726602205931,4.20564906832298,0.156466666666667,4.36211573498965,17
"13617","Royce Freeman","DEN","RB",91.9072014078111,43,166.333333333333,6.60286713860436,15.1705778333333,84.9245333333333,100.095111166667,5
"13619","John Kelly","LAR","RB",20.8057728531856,84.6666666666667,386,7.89205365636869,9.921298,15.4821333333333,25.4034313333333,10
"13620","Justin Jackson","LAC","RB",56.6931712079927,60.3333333333333,258.666666666667,18.9203792927103,33.55411873706,38.3733333333333,71.9274520703934,7
"13621","Kalen Ballage","MIA","RB",76.0171891462307,49.6666666666667,208,20.4445003896482,34.7973648550725,58.9053333333333,93.7026981884058,6
"13622","Nyheim Hines","IND","RB",100.518765818952,37,140.333333333333,37.8519789744569,65.4510916666667,68.7845333333333,134.235625,5
"13623","Darrel Williams","KCC","RB",11.0231641689373,104,408.333333333333,8.14491225313816,16.7306555383023,4.40133333333333,21.1319888716356,12
"13625","Ralph Webb","PIT","RB",0,166,498,NA,0,0,0,21
"13628","Roc Thomas","JAC","RB",0,166,498,NA,0,0,0,21
"13726","Chase Edmonds","ARI","RB",32.1175933242507,76.6666666666667,360,5.95561649065603,12.694674582234,24.1866666666667,36.8813412489006,9
"13768","Ito Smith","ATL","RB",88.8342966999697,44,176.666666666667,2.65058774179131,4.47727423043096,86.4944,90.971674230431,5
"13789","Jordan Wilkins","IND","RB",38.5343002573418,71.3333333333333,339.333333333333,22.9340365571377,49.696013875,19.7555333333333,69.4515472083333,8
"13814","Boston Scott","PHI","RB",3.771,142,450.333333333333,2.70948054790298,3.37867546583851,0.1257,3.50437546583851,19
"13816","Trenton Cannon","NYJ","RB",20.548675900277,86.3333333333333,388,10.3622721988483,13.0266715,13.5587333333333,26.5854048333333,10
"13830","David Williams","DEN","RB",0,166,498,NA,0,0,0,21
"13838","Nick Bawden","DET","RB",0,166,498,NA,0,0,0,21
"13849","Ryan Nall","CHI","RB",0,166,498,NA,0,0,0,21
"13850","Gus Edwards","BAL","RB",63.5004425522253,57.6666666666667,242.333333333333,14.0962038262536,24.6313116666666,53.2394666666667,77.8707783333333,7
"13868","Mike Boone","MIN","RB",15.7350485021398,95.3333333333333,398.333333333333,11.7307297998916,24.5790637203166,0.213933333333334,24.79299705365,11
"13871","Dontrell Hilliard","CLE","RB",4.3,137,445,3.08956943940144,3.8526397515528,0.143333333333333,3.99597308488613,18
"13874","Shaun Wilson","WAS","RB",5.461,127,434,3.92375318803982,4.89285248447205,0.182033333333333,5.07488581780538,16
"13875","Mark Thompson","DET","RB",0,166,498,NA,0,0,0,21
"13891","Detrez Newsome","LAC","RB",10.6697174515235,105.666666666667,410,4.73997432365844,5.91066614906832,7.7099,13.6205661490683,12
"13916","Buddy Howell","HOU","RB",4.435,135,443,3.18656754970823,3.97359472049689,0.147833333333333,4.12142805383023,18
"13924","Ricky Ortiz","ATL","RB",2.00062196861626,160,470.333333333333,1.53288674564681,3.34370476190476,0.02,3.36370476190476,20
"13958","De'Lance Turner","BAL","RB",2.359,157,467,1.69495216454604,2.11357608695652,0.0786333333333334,2.19220942028985,20
"13961","Dalyn Dawkins","TEN","RB",0,166,498,NA,0,0,0,21
"14017","Jeffery Wilson","SFO","RB",7.05,116.333333333333,422.333333333333,NA,0,7.05,7.05,14
"14029","Keith Ford","IND","RB",0,166,498,NA,0,0,0,21
"14071","David Montgomery","CHI","RB",69.412811296534,54.6666666666667,225.666666666667,90.7040107046598,113.499419525066,11.068,124.567419525066,6
"14072","Benny Snell","PIT","RB",12.6,99.3333333333333,403,NA,0,12.6,12.6,12
"14073","Josh Jacobs","OAK","RB",159.063029525032,24,42,0.143700904158198,0.180174999999991,160.306666666667,160.486841666667,3
"14075","Damien Harris","NEP","RB",40.5,69.6666666666667,329.666666666667,29.0994330920368,36.412598944591,1.35,37.762598944591,8
"14076","Trayveon Williams","CIN","RB",8.4,112.666666666667,418.666666666667,NA,0,8.4,8.4,13
"14079","Miles Sanders","PHI","RB",54.0573427471117,63,266,69.9895253702544,87.57904353562,9.037,96.6160435356201,7
"14080","Devin Singletary","BUF","RB",9.62576379974326,107,412.333333333333,11.0721546653898,13.8547691292876,2.50366666666667,16.3584357959543,13
"14081","Myles Gaskin","MIA","RB",8.8,110,416,NA,0,8.8,8.8,13
"14085","Tony Pollard","DAL","RB",20.4,86.3333333333333,388,NA,0,20.4,20.4,10
"14086","Justice Hill","BAL","RB",25.1242875481386,81.3333333333333,373.333333333333,31.2980569256573,39.1637730870712,4.992,44.1557730870712,10
"14087","Darrell Henderson","LAR","RB",35.4601412066752,74.3333333333333,352,42.3558415006313,53.0005606860158,8.215,61.2155606860158,8
"14088","Rodney Anderson","CIN","RB",1.1,162,473.666666666667,NA,0,1.1,1.1,21
"14093","Ryquell Armstead","JAC","RB",19.6,89,390.666666666667,NA,0,19.6,19.6,10
"14094","Jordan Scarlett","CAR","RB",19.8,88,389.666666666667,NA,0,19.8,19.8,10
"14095","Ty Johnson","DET","RB",0,166,498,NA,0,0,0,21
"14096","Devine Ozigbo","NOS","RB",0,166,498,NA,0,0,0,21
"14098","Damarea Crockett","HOU","RB",0,166,498,NA,0,0,0,21
"14099","Darrin Hall","CIN","RB",0,166,498,NA,0,0,0,21
"14194","Christian Wade","BUF","RB",0,166,498,NA,0,0,0,21
"14223","Alexander Mattison","MIN","RB",17.5041206675225,91.6666666666667,394.666666666667,20.9300366906428,26.190098944591,4.041,30.231098944591,11
"14284","Darwin Thompson","KCC","RB",21.3063928112965,84.6666666666667,383.666666666667,27.7630146833655,34.7403166226913,3.448,38.1883166226913,10
"14287","Cullen Gillaspia","HOU","RB",0,166,498,NA,0,0,0,21
"14289","Kerrith Whyte","CHI","RB",0,166,498,NA,0,0,0,21
"14295","Chandler Cox","MIA","RB",0,166,498,NA,0,0,0,21
"14314","Bruce Anderson","TBB","RB",0,166,498,NA,0,0,0,21
"14331","D'Ernest Johnson","CLE","RB",0,166,498,NA,0,0,0,21
"14333","Wes Hills","ARI","RB",0,166,498,NA,0,0,0,21
"4397","Roosevelt Nix","PIT","RB",2.407,155,465,1.72944038154401,2.15658229813665,0.0802333333333334,2.23681563146998,20
"7877","Frank Gore","BUF","RB",48.9787102633969,65,283.666666666667,7.43908711762935,12.7094613016711,42.7633333333333,55.4727946350044,7
"7942","Darren Sproles","PHI","RB",4.8,131,438.333333333333,3.44882169979695,4.30062111801242,0.16,4.46062111801242,17
"8658","Adrian Peterson","WAS","RB",96.4988751135332,39.3333333333333,153.333333333333,17.3142232961496,34.572818117854,83.7250666666667,118.297884784521,5
"9448","LeSean McCoy","BUF","RB",109.628651604602,35.3333333333333,105.333333333333,14.7025232755091,28.8303148636763,94.426,123.256314863676,4
"11927","Ryan Hewitt","TEN","RB",0,102,367.666666666667,NA,0,0,0,21
"13384","Taquan Mizzell","CHI","WR",2.83,151,461,2.03336779383862,2.53557453416149,0.0943333333333334,2.62990786749482,20
"14277","Marcus Green","ATL","WR",0,165,495.333333333333,NA,0,0,0,21
"10261","A.J. Green","CIN","WR",133.806113993377,22.6666666666667,61.6666666666667,6.36315805946279,14.0896223394899,124.8562,138.94582233949,5
"10271","Julio Jones","ATL","WR",204.051637522789,3.33333333333333,16.3333333333333,5.15545058750635,11.0114444591029,201.101,212.112444459103,1
"10289","Torrey Smith","CAR","WR",29.2640827278232,123.666666666667,363.333333333333,9.39571884435886,20.7256267916667,21.1695333333333,41.895160125,17
"10308","Randall Cobb","DAL","WR",62.0280209934569,84.3333333333333,245.333333333333,4.48194287239709,9.01575,57.8075,66.82325,13
"10410","Dwayne Harris","OAK","WR",0.192,150,477.666666666667,0.137952867991878,0.172024844720497,0.00640000000000001,0.178424844720497,21
"10412","Aldrick Robinson","CAR","WR",39.9076186186186,107,332.333333333333,29.8835550883703,61.1125268410853,0.697933333333334,61.8104601744186,16
"10500","Terrelle Pryor","JAC","WR",0,164,492.666666666667,NA,0,0,0,21
"10721","Michael Floyd","BAL","WR",0,164,492.666666666667,NA,0,0,0,21
"10722","Alshon Jeffery","PHI","WR",130.046147903412,25.6666666666667,65.6666666666667,8.16079497786406,18.5116166666667,121.6018,140.113416666667,5
"10723","Mohamed Sanu","ATL","WR",101.271564803392,44,136,16.5113207333126,30.60388125,85.8182,116.42208125,8
"10729","T.Y. Hilton","IND","WR",170.013081006065,12,37,9.26241904830924,23.7853966873706,155.09,178.875396687371,3
"10734","Jarius Wright","CAR","WR",35.0517114406613,116.666666666667,352.333333333333,6.93059576036168,14.5143875,28.6762666666667,43.1906541666667,17
"10735","Brian Quick","WAS","WR",0,164,492.666666666667,NA,0,0,0,21
"10737","Travis Benjamin","LAC","WR",50.4466920224039,93.6666666666667,276.333333333333,12.3670856998689,22.1910842128408,40.4703333333333,62.6614175461741,14
"10738","Marvin Jones","DET","WR",109.194336369386,37.6666666666667,106.666666666667,12.3712654795833,30.1405292635659,90.7184,120.858929263566,7
"10903","Rishard Matthews","NOS","WR",0,164,492.666666666667,NA,0,0,0,21
"10956","Deonte Thompson","NYJ","WR",-0.008,166,494.666666666667,0.00574803616632825,0.007226,-0.00773333333333333,-0.000507333333333334,21
"10960","Josh Gordon","NEP","WR",89,59,172.666666666667,NA,0,89,89,10
"10973","Cole Beasley","BUF","WR",58.1346347260067,86.6666666666667,253.333333333333,2.25210607429904,5.05401149068322,55.2333333333333,60.2873448240166,13
"10983","Chris Hogan","CAR","WR",39.8173046472903,106.666666666667,332,12.3537636085701,29.3944958333333,19.9592,49.3536958333333,16
"11076","Jermaine Kearse","DET","WR",35.5946825636991,116.333333333333,350.666666666667,25.608178436799,52.7537004844961,4.35286666666667,57.1065671511628,17
"11104","Josh Bellamy","NYJ","WR",-0.007,165,493.666666666667,0.00502953164553722,0.00632275,-0.00676666666666667,-0.000443916666666667,21
"11213","Tavon Austin","DAL","WR",26.2583306842265,127,370,1.29016527889997,2.28993162525881,25.1066666666667,27.3965982919255,18
"11222","Keenan Allen","LAC","WR",172.009952055661,11,35.3333333333333,9.2013960884339,20.6385682194617,160.397,181.035568219462,3
"11225","Cordarrelle Patterson","CHI","WR",40.6495302755071,105,327.333333333333,8.52537581853003,19.186670125,33.3255333333333,52.5122034583333,16
"11227","Kenny Stills","MIA","WR",99.1159805447037,46.6666666666667,144.666666666667,5.11677779586488,12.9730583333333,90.9949,103.967958333333,8
"11228","Robert Woods","LAR","WR",164.477598653123,13.6666666666667,39.6666666666667,7.38870201533116,19.1855354166667,151.081,170.266535416667,3
"11232","DeAndre Hopkins","HOU","WR",211.756050496786,1,10.6666666666667,6.1921667662299,13.3130313984169,206.552,219.865031398417,1
"11237","Russell Shepard","NYG","WR",0.013,159,487.666666666667,0.00934055877028341,0.0116475155279503,0.000433333333333334,0.0120808488612836,21
"11239","Marquise Goodwin","SFO","WR",87.0459119377163,61.3333333333333,180.333333333333,18.7836320481713,40.1161416666667,63.3469,103.463041666667,10
"11406","Brice Butler","MIA","WR",0,164,492.666666666667,NA,0,0,0,21
"11409","Charles Johnson","PHI","WR",0,164,492.666666666667,NA,0,0,0,21
"11456","Jaron Brown","SEA","WR",40.592860438293,104.666666666667,327.333333333333,26.6831692808858,46.9676508281574,17.71,64.6776508281574,16
"11570","Brittan Golden","NYG","WR",0,164,492.666666666667,NA,0,0,0,21
"11600","Nick Williams","DEN","WR",0,164,492.666666666667,NA,0,0,0,21
"11670","Sammy Watkins","KCC","WR",123.009205799855,30,78.3333333333333,8.17464189325956,17.3888060416667,114.01,131.398806041667,6
"11671","Mike Evans","TBB","WR",188.097826334784,8,23.6666666666667,9.0368542113233,18.257476863354,178.63,196.887476863354,2
"11672","Marqise Lee","JAC","WR",91.5270044426708,55.6666666666667,165.666666666667,10.1175078562778,20.7941903100775,79.7358,100.529990310078,10
"11674","Brandin Cooks","LAR","WR",156.39365182498,16,45,8.02597462491117,21.2890138198757,141.865,163.154013819876,4
"11675","Davante Adams","GBP","WR",210.3073060349,2,13,2.99194673907135,6.05362375776397,206.34,212.393623757764,1
"11676","Jordan Matthews","SFO","WR",43.5542242214533,98,307.666666666667,28.2210982332312,56.3451416666667,13.0644,69.4095416666667,15
"11677","Donte Moncrief","PIT","WR",95.6446759310935,50.6666666666667,155.666666666667,15.8423567535742,37.4584375,73.14,110.5984375,9
"11678","Allen Robinson","CHI","WR",121.398777857975,31,81.3333333333333,8.89856730056358,20.7041280020704,108.63,129.33412800207,6
"11679","Odell Beckham","CLE","WR",193.440736010995,6,20,13.193297916296,33.5385906832298,169.87,203.40859068323,2
"11680","Jarvis Landry","CLE","WR",124.511821086803,29.6666666666667,77.3333333333333,13.8947310886521,30.8630270833333,112.6549,143.517927083333,6
"11681","Paul Richardson","WAS","WR",74.8530565053995,72,209.333333333333,16.8143680207044,34.2102870155039,54.5619,88.7721870155039,12
"11686","T.J. Jones","NYG","WR",0,164,492.666666666667,NA,0,0,0,21
"11758","Cody Latimer","NYG","WR",39.4322129181084,109,335.333333333333,19.3429629169695,42.647657994186,22.98,65.627657994186,16
"11783","John Brown","BUF","WR",104.362962124062,40.3333333333333,121,14.643453114513,31.6122791666667,90.1802,121.792479166667,8
"11812","Ryan Grant","OAK","WR",39.161944595822,109,336,5.57113378542698,11.3580668333333,34.6269333333333,45.9850001666667,16
"11850","Quincy Enunwa","NYJ","WR",83.8731337574319,65,187.666666666667,6.4065061043567,15.5341333333333,79.5,95.0341333333333,11
"11890","Albert Wilson","MIA","WR",81.9786406640978,67.3333333333333,191,16.9778803075542,37.6661777131783,61.3883,99.0544777131783,11
"11925","Allen Hurns","MIA","WR",34.8233462603878,118,353.666666666667,5.48075248459399,6.889991,31.1262666666667,38.0162576666667,17
"11931","Bennie Fowler","NYG","WR",0,164,492.666666666667,NA,0,0,0,21
"11938","Adam Thielen","MIN","WR",176.538211686572,10,32,4.15537324701743,8.32336458333333,172.938,181.261364583333,3
"11951","Willie Snead","BAL","WR",70.9238267718006,76.3333333333333,222,4.91047044316962,11.0927928759894,66.0395,77.1322928759894,12
"11957","Dontrelle Inman","NEP","WR",20.5644516364394,135,383.333333333333,23.5430411600251,51.0968659883721,1.7886,52.8854659883721,18
"11975","Taylor Gabriel","CHI","WR",74.4267362429378,73,212,7.82863412412733,17.9326229166667,63.5215,81.4541229166667,12
"12038","Rashad Ross","CAR","WR",0,164,492.666666666667,NA,0,0,0,21
"12175","Amari Cooper","DAL","WR",164.29989513764,13.3333333333333,39.3333333333333,11.3837512711586,23.1021742753623,151.77,174.872174275362,3
"12176","DeVante Parker","MIA","WR",94.1667979815456,52.3333333333333,159.666666666667,8.88805125483498,22.2646083333333,79.4421,101.706708333333,9
"12177","Kevin White","ARI","WR",39.2707534626039,109.333333333333,336.666666666667,45.0624480304511,56.64913025,8.87356666666667,65.5226969166667,16
"12179","Jaelen Strong","JAC","WR",0,164,492.666666666667,NA,0,0,0,21
"12181","Nelson Agholor","PHI","WR",82.107392078729,67.6666666666667,191.333333333333,20.350520709007,42.37055,62.2519,104.62245,11
"12182","Devin Smith","DAL","WR",0,164,492.666666666667,NA,0,0,0,21
"12184","Jamison Crowder","NYJ","WR",86.3995741101385,62.3333333333333,182,8.9222895904315,18.8549958333333,74.9618,93.8167958333333,10
"12185","Justin Hardy","ATL","WR",22.0624596578868,132,378.333333333333,4.35148837132,9.51077075569358,16.1066666666667,25.6174374223603,18
"12186","Stefon Diggs","MIN","WR",157.847643981843,15,43,10.8277845289862,25.0241853519669,144.21,169.234185351967,4
"12187","Tyler Lockett","SEA","WR",134.748543924173,20.6666666666667,59.6666666666667,12.9611258294641,27.7715515391381,120.7407,148.512251539138,5
"12188","Phillip Dorsett","NEP","WR",65.6100585704878,80.6666666666667,236,23.0327711156058,50.3147041666667,38.0173,88.3320041666667,13
"12197","Breshad Perriman","TBB","WR",56.177414412163,89,259.333333333333,11.6074306918002,28.485046124031,45.6607,74.145746124031,14
"12205","Devin Funchess","IND","WR",97.2175699334003,48,148.666666666667,13.3801695903922,30.3831397916667,83.71,114.093139791667,9
"12257","Chris Conley","JAC","WR",50.5234785800787,94,277,3.50361945964154,5.54685445833333,47.6938,53.2406544583333,14
"12260","Tre McBride","JAC","WR",0,164,492.666666666667,NA,0,0,0,21
"12319","J.J. Nelson","OAK","WR",0.091,153,481.333333333333,0.0653839113919839,0.0815326086956522,0.00303333333333334,0.0845659420289855,21
"12338","Geremy Davis","LAC","WR",0,164,492.666666666667,NA,0,0,0,21
"12391","Tyrell Williams","OAK","WR",99.0111684585743,46.3333333333333,145,12.7328320383573,25.9806375,88.6519,114.6325375,8
"12394","DeAndre Carter","HOU","WR",20.8897962458371,136.333333333333,384,6.38246708121201,12.6836492524186,13.1250666666667,25.8087159190853,18
"12398","Jordan Taylor","MIN","WR",12.3117261580381,140,402.333333333333,7.68994506783523,16.2564561076605,2.60266666666667,18.8591227743271,19
"12443","Jake Kumerow","GBP","WR",22.0622880886427,132,378.666666666667,1.28540458769515,1.60287732919254,21.2596333333333,22.8625106625259,18
"12464","Damiere Byrd","ARI","WR",0.02,157,485.666666666667,0.0143700904158206,0.0179192546583851,0.000666666666666667,0.0185859213250518,21
"12465","Cameron Meredith","NEP","WR",0,164,492.666666666667,NA,0,0,0,21
"12471","Seth Roberts","BAL","WR",43.0242892067817,100.333333333333,313.666666666667,10.7787614685006,22.4251875,29.3458666666667,51.7710541666667,15
"12505","Adam Humphries","TEN","WR",72.5625820115684,75,217.333333333333,12.5424297805283,30.1394916666667,62.8708,93.0102916666667,12
"12586","Darius Jennings","TEN","WR",10.5027423822715,141,410,2.3638798734025,2.94771739130435,8.96966666666667,11.917384057971,19
"12638","Keenan Reynolds","SEA","WR",0,164,492.666666666667,NA,0,0,0,21
"12645","Laquon Treadwell","MIN","WR",34.2757284287012,120.333333333333,356.333333333333,10.513750129598,18.4810610378188,25.7685333333333,44.2495943711522,17
"12646","Corey Coleman","NYG","WR",0,164,492.666666666667,NA,0,0,0,21
"12647","Will Fuller","HOU","WR",110.668838795688,37.3333333333333,100.666666666667,12.483054161381,25.1924535714286,96.92,122.112453571429,7
"12648","Josh Doctson","WAS","WR",79.2285543928011,70.3333333333333,197.666666666667,7.61118230351646,17.3826346525945,69.5562,86.9388346525946,11
"12649","Roger Lewis","FA","WR",0,164,492.666666666667,NA,0,0,0,21
"12650","Tyler Boyd","CIN","WR",129.144719958394,26,67.3333333333333,9.27470521304284,20.6994414583333,119.82,140.519441458333,5
"12651","Braxton Miller","PHI","WR",21.8652576177285,132.666666666667,379.333333333333,16.0176212819945,20.13615225,11.0501,31.18625225,18
"12652","Michael Thomas","NOS","WR",191.434415896491,7,21,9.14050104974146,18.3487298654244,183.65,201.998729865424,2
"12656","Rashard Higgins","CLE","WR",46.3404147619659,97.3333333333333,296,26.0843407711611,60.9649162790698,22.95,83.9149162790698,15
"12657","Tajae Sharpe","TEN","WR",26.0647209747204,127.666666666667,371,4.96761604077333,11.2048122251539,18.6513333333333,29.8561455584872,18
"12658","Sterling Shepard","NYG","WR",114.766171178628,34.3333333333333,92.3333333333333,13.9816376077566,33.77450375,101.72,135.49450375,7
"12660","Pharoh Cooper","ARI","WR",1.17642659279778,147,471.333333333333,1.74596598552221,2.17718944099379,0.0810000000000001,2.25818944099379,21
"12665","Geronimo Allison","GBP","WR",83.3670622056033,65.6666666666667,188.666666666667,20.4479125310506,46.2840265988372,57.6,103.884026598837,11
"12667","Duke Williams","BUF","WR",0,164,492.666666666667,NA,0,0,0,21
"12673","Charone Peake","NYJ","WR",0,164,492.666666666667,NA,0,0,0,21
"12675","Mike Thomas","LAR","WR",0,164,492.666666666667,NA,0,0,0,21
"12731","Eli Rogers","PIT","WR",25.3951875504767,128.666666666667,372.333333333333,21.6686514665365,37.6553269166667,7.49373333333333,45.14906025,18
"12773","Chris Moore","BAL","WR",27.0703136261587,126.333333333333,368.666666666667,14.7372058667264,31.578668125,14.6976666666667,46.2763347916667,18
"12777","Ricardo Louis","MIA","WR",0,164,492.666666666667,NA,0,0,0,21
"12785","Demarcus Robinson","KCC","WR",63.4267147058824,82.3333333333333,240.666666666667,15.0573959594102,34.1143638522427,44.5909,78.7052638522427,13
"12800","Trevor Davis","GBP","WR",0.036,155,483.666666666667,0.0258661627484771,0.0322546583850932,0.0012,0.0334546583850932,21
"12801","Tyreek Hill","KCC","WR",201.834080775384,4.33333333333333,18,6.89949254006151,13.0043377329192,195.14,208.144337732919,1
"12814","Jakeem Grant","MIA","WR",50.8829208681271,93.3333333333333,276,14.5067586813154,32.3119584166667,37.9768,70.2887584166667,14
"12824","Cody Core","CIN","WR",0,164,492.666666666667,NA,0,0,0,21
"12873","Andy Jones","DET","WR",0.008,161,489.666666666667,0.00574803616632825,0.00716770186335404,0.000266666666666667,0.0074343685300207,21
"12884","Hunter Sharp","CIN","WR",0,164,492.666666666667,NA,0,0,0,21
"12913","Alex Erickson","CIN","WR",18.0537298667878,138.666666666667,392,8.0919388631624,14.1509653474055,9.75853333333333,23.9094986807388,18
"12916","Johnny Holton","PIT","WR",0,164,492.666666666667,NA,0,0,0,21
"12917","Maurice Harris","NEP","WR",29.7377146814404,123.333333333333,362,2.78995305423158,3.50731975,27.7464333333333,31.2537530833333,17
"12921","Tommylee Lewis","DET","WR",0.199,149,476.333333333333,0.142982399637415,0.178296583850932,0.00663333333333334,0.184929917184265,21
"12930","Robby Anderson","NYJ","WR",130.960348022022,24,63,7.54588253425623,17.87935625,123.88,141.75935625,5
"12934","Chester Rogers","IND","WR",38.0067761883137,112.666666666667,344,2.07768353516198,3.61135778364115,35.6009333333333,39.2122911169745,16
"12949","Tanner McEvoy","FA","WR",0,164,492.666666666667,NA,0,0,0,21
"13066","Kalif Raymond","TEN","WR",0.004,162,490.666666666667,0.00287401808316413,0.00358385093167702,0.000133333333333333,0.00371718426501035,21
"13153","Corey Davis","TEN","WR",121.478462666964,31.3333333333333,81.6666666666667,16.6542953376929,39.2829939583333,103.73,143.012993958333,6
"13154","Mike Williams","LAC","WR",136.642459055242,21,59.3333333333333,13.5868812305032,33.5369520833333,126.2073,159.744252083333,5
"13155","John Ross","CIN","WR",63.8060378726468,81,239,24.9567747757023,55.9267041666667,44.5324,100.459104166667,13
"13156","JuJu Smith-Schuster","PIT","WR",202.639939027694,4.33333333333333,17.6666666666667,6.23815347365952,13.532306573499,192.96,206.492306573499,1
"13157","Curtis Samuel","CAR","WR",103.455516646203,40.6666666666667,124.333333333333,6.72011508392745,15.1698686853002,95.59,110.7598686853,8
"13158","Dede Westbrook","JAC","WR",111.699440741879,36,98,9.8945671485379,20.10066875,102.8873,122.98796875,7
"13160","Malachi Dupre","LAC","WR",0,164,492.666666666667,NA,0,0,0,21
"13161","Artavis Scott","LAC","WR",0,164,492.666666666667,NA,0,0,0,21
"13162","Isaiah Ford","MIA","WR",0,164,492.666666666667,NA,0,0,0,21
"13163","Chris Godwin","TBB","WR",134.10233360122,21.6666666666667,60.6666666666667,6.46710106774146,13.2255255693582,128.76,141.985525569358,5
"13164","Cooper Kupp","LAR","WR",141.760607418983,19,55.3333333333333,8.67621284255259,19.3831635658915,132.974,152.357163565891,5
"13165","Ryan Switzer","PIT","WR",40.5062343986789,105,328.333333333333,8.2838624297198,18.0626805833333,32.5816,50.6442805833333,16
"13166","Amara Darboh","SEA","WR",0,164,492.666666666667,NA,0,0,0,21
"13167","Taywan Taylor","TEN","WR",34.9145249772934,117.333333333333,353.333333333333,6.26632468251993,14.2051594583333,29.6084666666667,43.813626125,17
"13168","Josh Reynolds","LAR","WR",51.4963849032423,92,272.666666666667,17.3453599661968,27.5646791666667,37.1193,64.6839791666667,14
"13169","Jehu Chesson","WAS","WR",0.01,160,488.666666666667,0.00718504520791032,0.00895962732919255,0.000333333333333334,0.00929296066252588,21
"13170","Shelton Gibson","PHI","WR",0,164,492.666666666667,NA,0,0,0,21
"13172","Noah Brown","DAL","WR",0,164,492.666666666667,NA,0,0,0,21
"13176","Zay Jones","BUF","WR",72.2576221470606,75.6666666666667,219.666666666667,21.1272855337263,43.4604839147287,52.9483,96.4087839147287,12
"13179","Gehrig Dieter","KCC","WR",0,164,492.666666666667,NA,0,0,0,21
"13183","Chad Hansen","HOU","WR",0,164,492.666666666667,NA,0,0,0,21
"13235","Josh Malone","CIN","WR",-0.013,168,496.666666666667,0.00934055877028341,0.01174225,-0.0125666666666667,-0.000824416666666667,21
"13238","Robert Davis","WAS","WR",0,164,492.666666666667,NA,0,0,0,21
"13277","Kenny Golladay","DET","WR",146.129564018119,18,51.3333333333333,4.19247590766422,8.26946543535621,142.9614,151.230865435356,4
"13280","Chad Williams","ARI","WR",23.6085934647257,130.333333333333,374.666666666667,22.4721840280743,39.04741125,4.62933333333333,43.6767445833333,18
"13289","Mack Hollins","PHI","WR",0,164,492.666666666667,NA,0,0,0,21
"13313","Isaiah McKenzie","BUF","WR",3.03454065620542,145,454.666666666667,2.29340313819498,3.97076046613896,0.1062,4.07696046613896,20
"13316","Trent Taylor","SFO","WR",27.7301495844875,125.333333333333,367.333333333333,30.8123478696026,38.734973,6.94546666666667,45.6804396666667,18
"13348","David Moore","SEA","WR",73.0671376159618,75,218,17.4790863541269,38.9344139534884,52.8014,91.7358139534884,12
"13367","Austin Carr","NOS","WR",0,164,492.666666666667,NA,0,0,0,21
"13370","Krishawn Hogan","IND","WR",0,164,492.666666666667,NA,0,0,0,21
"13371","Keon Hatcher","OAK","WR",0,164,492.666666666667,NA,0,0,0,21
"13372","Tanner Gentry","CHI","WR",0,164,492.666666666667,NA,0,0,0,21
"13375","Victor Bolden","BUF","WR",0,164,492.666666666667,NA,0,0,0,21
"13377","Tim Patrick","DEN","WR",35.1921812106513,117,351.666666666667,10.524671812444,22.731172625,20.6235333333333,43.3547059583333,17
"13387","Marcus Johnson","IND","WR",0.027,156,484.666666666667,0.0193996220613579,0.0241909937888199,0.000900000000000001,0.0250909937888199,21
"13390","Lance Lenoir","DAL","WR",0,164,492.666666666667,NA,0,0,0,21
"13398","Tim White","NYJ","WR",0.001,163,491.666666666667,0.000718504520791032,0.000895962732919255,3.33333333333334e-05,0.000929296066252588,21
"13412","Keelan Cole","JAC","WR",43.0070555555556,100,313.666666666667,19.9378357684299,33.30505,26.4090666666667,59.7141166666667,15
"13418","Kendrick Bourne","SFO","WR",43.3767988326037,99.3333333333333,310.666666666667,20.8802436946469,36.5029337209302,23.0632,59.5661337209302,15
"13421","Brandon Reilly","PIT","WR",0,164,492.666666666667,NA,0,0,0,21
"13436","Reggie Davis","DAL","WR",0,164,492.666666666667,NA,0,0,0,21
"13488","Zach Pascal","IND","WR",20.8834782773236,136,383.666666666667,12.4239428000566,22.6353166666667,8.01933333333334,30.65465,18
"13503","Marcus Kemp","KCC","WR",0.056,154,482.666666666667,0.0402362531642978,0.0501739130434783,0.00186666666666667,0.0520405797101449,21
"13505","Marvin Hall","CHI","WR",9.29,142,413.333333333333,NA,0,9.29,9.29,19
"13510","Jaydon Mickens","CAR","WR",0,164,492.666666666667,NA,0,0,0,21
"13529","JoJo Natson","LAR","WR",4.40053739612188,144,438.666666666667,6.5613832838637,8.18193167701863,0.3044,8.48633167701863,20
"13538","Carlton Agudosi","PHI","WR",0,164,492.666666666667,NA,0,0,0,21
"13544","Bobo Wilson","TBB","WR",0.247,148,475.333333333333,0.177470616635385,0.221302795031056,0.00823333333333334,0.229536128364389,21
"13573","K.J. Brent","TBB","WR",0,164,492.666666666667,NA,0,0,0,21
"13585","Brandon Zylstra","MIN","WR",0,164,492.666666666667,NA,0,0,0,21
"13629","Calvin Ridley","ATL","WR",129.193457130632,26.3333333333333,68.6666666666667,9.77838241158109,23.1756270833333,113.9462,137.121827083333,5
"13630","Courtland Sutton","DEN","WR",107.900933069055,39,112.666666666667,2.66839235376775,5.70040343007916,105.4599,111.160303430079,7
"13631","James Washington","PIT","WR",86.4251135320162,62.3333333333333,182,11.9157739391194,23.7113720445736,77.07,100.781372044574,10
"13632","Allen Lazard","GBP","WR",0,164,492.666666666667,NA,0,0,0,21
"13633","Christian Kirk","ARI","WR",114.625330314997,34.3333333333333,91.6666666666667,11.4163675138676,30.5156990310078,90.8673,121.382999031008,7
"13634","Dante Pettis","SFO","WR",115.884545898049,33.3333333333333,90.3333333333333,5.42215216123137,12.8630690891473,111.791,124.654069089147,7
"13635","D.J. Moore","CAR","WR",125.696894575287,28,74.6666666666667,10.0788650794897,23.7311052083333,120.62,144.351105208333,6
"13636","Deon Cain","IND","WR",0,164,492.666666666667,NA,0,0,0,21
"13637","Equanimeous St. Brown","GBP","WR",56.6858439921722,88.6666666666667,258.333333333333,17.2957736323882,38.74818125,39.5855,78.33368125,14
"13638","Braxton Berrios","NEP","WR",0,164,492.666666666667,NA,0,0,0,21
"13639","Anthony Miller","CHI","WR",91.8117923735856,55.3333333333333,165.666666666667,15.6154432225928,32.9143395833333,72.7571,105.671439583333,10
"13640","Antonio Callaway","CLE","WR",63.2894152652217,82.6666666666667,242.333333333333,25.8729886078096,51.0167376937984,38.1356,89.1523376937984,13
"13641","Ray-Ray McCloud","BUF","WR",0.158,151,479.333333333333,0.113523714284983,0.141562111801242,0.00526666666666667,0.146828778467909,21
"13642","Auden Tate","CIN","WR",0,164,492.666666666667,NA,0,0,0,21
"13644","Javon Wims","CHI","WR",0,164,492.666666666667,NA,0,0,0,21
"13645","Tre'Quan Smith","NOS","WR",83.9414479337469,64.6666666666667,186.666666666667,20.3662003269832,44.9638579166667,59.22,104.183857916667,11
"13646","Michael Gallup","DAL","WR",94.0365204152249,52.3333333333333,160.333333333333,9.87209690198606,21.2679135416667,83.02,104.287913541667,9
"13647","Marcell Ateman","OAK","WR",0,164,492.666666666667,NA,0,0,0,21
"13648","Deontay Burnett","NYJ","WR",0,164,492.666666666667,NA,0,0,0,21
"13649","DaeSean Hamilton","DEN","WR",77.7270547084868,70.6666666666667,200.666666666667,17.7604955240944,41.5082401162791,54.0866,95.5948401162791,11
"13652","Cedrick Wilson","DAL","WR",0,164,492.666666666667,NA,0,0,0,21
"13653","Robert Foster","BUF","WR",88.8245363321799,60,174.666666666667,10.8149581677588,23.8004958333333,76.12,99.9204958333333,10
"13655","Cam Phillips","BUF","WR",0,164,492.666666666667,NA,0,0,0,21
"13656","Jester Weah","HOU","WR",0,164,492.666666666667,NA,0,0,0,21
"13657","J'Mon Moore","GBP","WR",0,164,492.666666666667,NA,0,0,0,21
"13658","Jordan Lasley","OAK","WR",0,164,492.666666666667,NA,0,0,0,21
"13659","Steven Mitchell","HOU","WR",0,164,492.666666666667,NA,0,0,0,21
"13662","Keke Coutee","HOU","WR",91.4144691956383,56.6666666666667,167,14.0316640823755,30.5698041666667,73.1413,103.711104166667,10
"13663","Jaleel Scott","BAL","WR",0,164,492.666666666667,NA,0,0,0,21
"13664","Trey Quinn","WAS","WR",33.4758613381774,120,355,19.4346777725395,42.1641006728778,6.904,49.0681006728778,17
"13666","Daurice Fountain","IND","WR",0,164,492.666666666667,NA,0,0,0,21
"13668","D.J. Chark","JAC","WR",48.8609994195781,95,282,8.38932689769613,21.4842925,35.61,57.0942925,14
"13669","Malik Turner","FA","WR",0,164,492.666666666667,NA,0,0,0,21
"13724","Richie James","SFO","WR",41.268459833795,104.333333333333,323.666666666667,46.407488493372,58.34001425,9.96396666666667,68.3039809166667,16
"13776","Justin Watson","TBB","WR",0,164,492.666666666667,NA,0,0,0,21
"13793","Marquez Valdes-Scantling","GBP","WR",96.4397057131516,49,151.666666666667,3.73005351133145,7.64409999999999,92.6776,100.3217,9
"13794","Damion Ratley","CLE","WR",0,164,492.666666666667,NA,0,0,0,21
"13807","Dylan Cantrell","LAC","WR",0,164,492.666666666667,NA,0,0,0,21
"13809","Russell Gage","ATL","WR",0,164,492.666666666667,NA,0,0,0,21
"13851","Cody Hollister","TEN","WR",0,164,492.666666666667,NA,0,0,0,21
"13862","River Cracraft","DEN","WR",2.86448199445983,146,457.666666666667,4.15080061660979,5.17597670807453,0.272566666666667,5.4485433747412,20
"13863","Byron Pringle","KCC","WR",0,164,492.666666666667,NA,0,0,0,21
"13881","Jordan Veasy","IND","WR",0,164,492.666666666667,NA,0,0,0,21
"13882","Keith Kirkwood","NOS","WR",34.6798420375416,118.333333333333,354,4.6590944509137,9.83978117854002,30.5324,40.37218117854,17
"13883","Damoun Patterson","NEP","WR",0,164,492.666666666667,NA,0,0,0,21
"13884","Vyncint Smith","HOU","WR",0,164,492.666666666667,NA,0,0,0,21
"13893","Trent Sherfield","ARI","WR",0,164,492.666666666667,NA,0,0,0,21
"13895","Cam Sims","WAS","WR",0,164,492.666666666667,NA,0,0,0,21
"13899","Steve Ishmael","IND","WR",0,164,492.666666666667,NA,0,0,0,21
"13905","J.J. Jones","NYJ","WR",0,164,492.666666666667,NA,0,0,0,21
"13910","Brandon Powell","DET","WR",0.015,158,486.666666666667,0.0107775678118655,0.0134394409937888,5e-04,0.0139394409937888,21
"13911","Derrick Willies","CLE","WR",0,164,492.666666666667,NA,0,0,0,21
"13912","Cameron Batson","TEN","WR",0,164,492.666666666667,NA,0,0,0,21
"13963","KhaDarel Hodge","LAR","WR",0,164,492.666666666667,NA,0,0,0,21
"13969","Jawill Davis","GBP","WR",0,164,492.666666666667,NA,0,0,0,21
"13990","Da'Mari Scott","NYG","WR",0,164,492.666666666667,NA,0,0,0,21
"13999","Chad Beebe","MIN","WR",0,164,492.666666666667,NA,0,0,0,21
"14009","Saeed Blacknall","MIA","WR",0,164,492.666666666667,NA,0,0,0,21
"14015","Jalen Tolliver","TEN","WR",0,164,492.666666666667,NA,0,0,0,21
"14046","Darvin Kidsy","WAS","WR",0,164,492.666666666667,NA,0,0,0,21
"14101","N'Keal Harry","NEP","WR",91.6442256564438,55.6666666666667,166,14.7202994292967,26.56378125,76.68,103.24378125,10
"14102","DK Metcalf","SEA","WR",63.1367407210589,82.6666666666667,242,37.9248541153019,82.8088139534884,10.832,93.6408139534884,13
"14104","A.J. Brown","TEN","WR",38.8409884467266,110.333333333333,339.333333333333,50.2162809580852,62.8364577836411,6.53966666666667,69.3761244503078,16
"14105","Marquise Brown","BAL","WR",95.5921668789118,50.6666666666667,156.333333333333,45.3770244805746,71.7148979166666,57.2066666666667,128.921564583333,9
"14106","Hakeem Butler","ARI","WR",20.7782670089859,136.666666666667,384.333333333333,26.6637027665552,33.3647295514512,3.627,36.9917295514512,18
"14109","Terry McLaurin","WAS","WR",20.9182798459564,135.333333333333,383,27.4612427846332,34.3627044854881,3.254,37.6167044854881,18
"14112","Parris Campbell","IND","WR",55.0463250956699,89.3333333333333,261.333333333333,45.1093686713741,84.9591744186046,7.196,92.1551744186046,14
"14113","Mecole Hardman","KCC","WR",67.0059009688556,79,232.333333333333,24.9214931082789,42.7504457364341,41.9733333333333,84.7237790697674,13
"14117","Tyron Johnson","HOU","WR",0,164,492.666666666667,NA,0,0,0,21
"14120","Gary Jennings","SEA","WR",0,164,492.666666666667,NA,0,0,0,21
"14121","Andy Isabella","ARI","WR",34.7193581514763,118,353.666666666667,43.8862561299162,54.9155936675462,6.356,61.2715936675462,17
"14124","KeeSean Johnson","ARI","WR",0,164,492.666666666667,NA,0,0,0,21
"14125","Miles Boykin","BAL","WR",39.9180425415793,106.666666666667,331,42.6304401116505,67.8227199612403,4.83066666666667,72.653386627907,16
"14126","Preston Williams","MIA","WR",0,164,492.666666666667,NA,0,0,0,21
"14131","Stanley Morgan","CIN","WR",0,164,492.666666666667,NA,0,0,0,21
"14136","Deebo Samuel","SFO","WR",50.1588328593725,93.3333333333333,276.666666666667,45.9911780748365,78.097128875969,9.17733333333334,87.2744622093023,14
"14189","Marken Michel","PHI","WR",0,164,492.666666666667,NA,0,0,0,21
"14193","Alonzo Russell","NYG","WR",0,164,492.666666666667,NA,0,0,0,21
"14267","Juwann Winfree","DEN","WR",0,164,492.666666666667,NA,0,0,0,21
"14297","John Ursua","SEA","WR",0,164,492.666666666667,NA,0,0,0,21
"14313","Emmanuel Butler","NOS","WR",0,164,492.666666666667,NA,0,0,0,21
"14315","Ashton Dulin","IND","WR",0,164,492.666666666667,NA,0,0,0,21
"14316","Penny Hart","IND","WR",0,164,492.666666666667,NA,0,0,0,21
"14317","Keelan Doss","OAK","WR",0,164,492.666666666667,NA,0,0,0,21
"14318","Jazz Ferguson","SEA","WR",0,164,492.666666666667,NA,0,0,0,21
"14320","Jeff Badet","MIN","WR",0,164,492.666666666667,NA,0,0,0,21
"14323","Reece Horn","MIA","WR",0,164,492.666666666667,NA,0,0,0,21
"14330","Darrius Shepherd","GBP","WR",0,164,492.666666666667,NA,0,0,0,21
"7393","Larry Fitzgerald","ARI","WR",101.331731294415,43.3333333333333,135,5.01658655217961,9.45462292960661,97.43,106.884622929607,8
"8673","Ted Ginn Jr.","NOS","WR",81.1807541317855,68.6666666666667,193,3.54291016689717,7.24999461697723,78.96,86.2099946169772,11
"9075","DeSean Jackson","PHI","WR",101.660894846895,42.3333333333333,133,11.8682089092108,24.69859375,89.3762,114.07479375,8
"9200","Matt Slater","NEP","WR",0,164,492.666666666667,NA,0,0,0,21
"9308","Danny Amendola","DET","WR",66.9282193793861,79.3333333333333,232.666666666667,9.44260029804049,21.0831777131783,54.7258,75.8089777131783,13
"9662","Julian Edelman","NEP","WR",154.115622067195,17,46.6666666666667,12.5055443327164,27.7053885093168,138.931,166.636388509317,4
"9831","Golden Tate","NYG","WR",91.5426517951536,56.6666666666667,167,6.40051998210325,13.846853649956,83.6067,97.453553649956,10
"9884","Demaryius Thomas","NEP","WR",58.638699077278,86.3333333333333,252.333333333333,38.8810487929005,75.209975,21.9489,97.158875,13
"9918","Emmanuel Sanders","DEN","WR",101.086738858327,44.3333333333333,136.666666666667,14.8109335658432,32.419925,84.494,116.913925,8
"9921","Andre Roberts","BUF","WR",5.49108864265928,143,429.666666666667,1.59579854067688,2.00611825,4.38303333333333,6.38915158333333,20
"9988","Antonio Brown","OAK","WR",185.126637176768,9,27,5.962183317992,11.8767527432713,177.321,189.197752743271,2
"13546","Garrett Griffin","NOS","TE",15.474,85.6666666666667,348,NA,9.78042635658915,4.93733333333333,14.7177596899225,17
"10123","Logan Paulsen","ATL","TE",15.7224927166401,84.6666666666667,309.666666666667,7.04889443854107,16.9427522286822,1.27,18.2127522286822,17
"10312","Kyle Rudolph","MIN","TE",82.4662054005283,15,102.666666666667,14.9067616038,30.302575,66.7633,97.065875,3
"10318","Lance Kendricks","NEP","TE",11.1897557557558,99,340,8.40705792373457,15.6742623062016,0.315933333333334,15.9901956395349,20
"10354","Luke Stocker","ATL","TE",18.3270610610611,73.6666666666667,295.666666666667,13.8782721651707,24.2941582364341,0.630733333333334,24.9248915697674,15
"10398","Lee Smith","BUF","TE",0,102,367.666666666667,NA,0,0,0,21
"10409","Charles Clay","ARI","TE",39.8112425977602,42,230.333333333333,14.2725986404874,26.2008,26.2147,52.4155,10
"10432","Virgil Green","LAC","TE",25.1434966923392,55,266.333333333333,5.49481033348715,11.6639833333333,19.4156,31.0795833333333,13
"10742","Dwayne Allen","MIA","TE",23.0536666400851,58.3333333333333,274.666666666667,14.9262440764548,30.319519173263,1.1941,31.513619173263,14
"10747","Orson Charles","CLE","TE",0,102,367.666666666667,NA,0,0,0,21
"10838","Rhett Ellison","NYG","TE",29.3245810841984,51.6666666666667,256.666666666667,9.371111805885,21.9810459302326,19.3158,41.2968459302326,12
"10940","Derek Carrier","OAK","TE",15.1881817916002,87,313.333333333333,10.1617615999434,20.7738186046512,0.798099999999999,21.5719186046512,18
"11007","Garrett Celek","SFO","TE",22.5984049596309,60,278.333333333333,17.145375228693,29.7858916666667,6.8539,36.6397916666667,14
"11244","Travis Kelce","KCC","TE",183.716937407449,1,11,10.9783014922916,20.2227039855073,173.18,193.402703985507,1
"11247","Zach Ertz","PHI","TE",148.360209264427,3,33,11.352958756789,20.9531708333334,137.8016,158.754770833333,1
"11248","Jordan Reed","WAS","TE",80.833297499721,16.6666666666667,109,5.36426543509555,12.5046291666667,76.9491,89.4537291666667,3
"11250","Tyler Eifert","CIN","TE",60.4777523644752,24,178,5.98062148651198,14.3605562111801,54.73,69.0905562111801,5
"11252","Levine Toilolo","SFO","TE",14.6628948948949,89.3333333333333,317.333333333333,11.1317451293318,19.1867901162791,0.5252,19.7119901162791,18
"11257","Vance McDonald","PIT","TE",100.717827142166,9,71,11.4165569137742,26.72435,90.1074,116.83175,2
"11337","Darren Fells","HOU","TE",0,102,367.666666666667,NA,0,0,0,21
"11381","Luke Willson","OAK","TE",17.3385304093567,79.3333333333333,302,11.260239745503,22.2031399709302,0.77,22.9731399709302,16
"11399","Ryan Griffin","NYJ","TE",24.1885122993538,57.3333333333333,270.333333333333,21.3534857664913,36.0069666666667,6.37146666666667,42.3784333333333,13
"11448","Demetrius Harris","CLE","TE",21.7429418685121,62.3333333333333,281.333333333333,5.91594333815544,13.6628166666667,14.0886,27.7514166666667,14
"11516","Jack Doyle","IND","TE",74.4908565911374,20,130.333333333333,9.65768853803476,21.2491179166667,67.55,88.7991179166667,4
"11529","Josh Hill","NOS","TE",21.7194685493173,63,282.333333333333,7.56785112822205,17.5610916666667,14.9562,32.5172916666667,14
"11647","Logan Thomas","DET","TE",0,102,367.666666666667,NA,0,0,0,21
"11695","Eric Ebron","IND","TE",101.418747788072,8,68.3333333333333,14.7861817167246,33.5372848837209,86.3885,119.925784883721,2
"11701","Xavier Grimble","PIT","TE",14.7685210912178,89,316.333333333333,7.65278757466807,16.8266951550388,0.988299999999999,17.8149951550388,18
"11705","Trey Burton","CHI","TE",81.1499235089482,16.3333333333333,107,9.55262356189753,21.7340022916667,72.03,93.7640022916667,3
"11785","Richard Rodgers","PHI","TE",15.9635522201376,84.3333333333333,309,8.57876675518772,18.2632,4.58133333333333,22.8445333333333,17
"12110","Cameron Brate","TBB","TE",52.9183077650035,28,195.333333333333,17.2494607019482,32.921090503876,39.8578,72.778890503876,6
"12138","Scott Simonson","NYG","TE",0,102,367.666666666667,NA,0,0,0,21
"12196","Vince Mayle","LAC","TE",-0.005,134.5,431.666666666667,NA,0,-0.005,-0.005,21
"12206","Maxx Williams","ARI","TE",19.1121341341341,69,290.666666666667,13.18640107741,21.9695265503876,0.930533333333334,22.9000598837209,15
"12207","Nick O'Leary","MIA","TE",17.6226346346346,76.6666666666667,299,7.00511779451739,16.5511163561077,1.16666666666667,17.7177830227743,16
"12208","Jeff Heuerman","DEN","TE",33.9655599769319,47.6666666666667,246.333333333333,18.2739761002568,37.0577708333333,17.8745,54.9322708333333,11
"12209","Ben Koyack","JAC","TE",0,102,367.666666666667,NA,0,0,0,21
"12210","Clive Walford","MIA","TE",0,102,367.666666666667,NA,0,0,0,21
"12211","Jesse James","DET","TE",37.5646096309112,44.6666666666667,236.666666666667,13.2290139083034,32.2054083333333,25.7563,57.9617083333333,10
"12212","Tyler Kroft","BUF","TE",21.5711221453287,62.6666666666667,281.333333333333,11.4944291098544,27.1008864341085,3.9611,31.0619864341085,14
"12213","Blake Bell","KCC","TE",14.6427879319511,90,317.666666666667,11.0749893964854,19.7744022867194,0.3658,20.1402022867194,18
"12263","Darren Waller","OAK","TE",56.5509369870179,26,187.333333333333,21.7293919755362,55.4242145998241,5.209,60.6332145998241,5
"12309","MyCole Pruitt","TEN","TE",19.4827687687688,67.3333333333333,289,14.5866637309967,29.222420251938,0.391266666666667,29.6136869186046,15
"12317","C.J. Uzomah","CIN","TE",46.2275735294118,35.6666666666667,212.666666666667,22.0488822511068,50.0166458333333,24.1125,74.1291458333333,8
"12328","Nick Boyle","BAL","TE",17.5488747404844,78,300.333333333333,4.02305717007429,10.5332033126294,10.18,20.7132033126294,16
"12330","James O'Shaughnessy","JAC","TE",27.706888638985,53,260.333333333333,1.22936936572817,2.89827868217054,26.6277,29.5259786821705,13
"12351","A.J. Derby","FA","TE",14.3,92,320.333333333333,NA,0,14.3,14.3,19
"12363","Neal Sterling","KCC","TE",10.8726126126126,100,341.666666666667,5.56122499092259,6.97425,7.218,14.19225,20
"12378","Geoff Swaim","JAC","TE",41.7762489042676,39.6666666666667,225,14.1304393264,33.5945410852713,22.07,55.6645410852713,9
"12499","Gabe Holmes","IND","TE",0,102,367.666666666667,NA,0,0,0,21
"12532","Will Tye","PHI","TE",0,102,367.666666666667,NA,0,0,0,21
"12585","Daniel Brown","NYJ","TE",0,102,367.666666666667,NA,0,0,0,21
"12596","Matt LaCosse","NEP","TE",49.4224397923875,32,202,20.8950175212807,45.6428,26.3277,71.9705,7
"12676","Hunter Henry","LAC","TE",114.339772124865,6,54.6666666666667,14.1028551670208,27.722889375,101.3,129.022889375,2
"12677","Austin Hooper","ATL","TE",84.3751282955687,13,97.3333333333333,2.92446825143137,7.7135025,79.85,87.5635025,3
"12678","Tyler Higbee","LAR","TE",36.9934799307958,45.6666666666667,238,6.6294760958201,12.8960903100775,29.3339,42.2299903100775,11
"12680","Nick Vannett","SEA","TE",35.646898615917,46.6666666666667,241.333333333333,6.11328526676825,15.0909171503958,31.7106,46.8015171503958,11
"12681","Jerell Adams","HOU","TE",0,102,367.666666666667,NA,0,0,0,21
"12685","Joshua Perkins","PHI","TE",0,102,367.666666666667,NA,0,0,0,21
"12792","Seth DeValve","CLE","TE",12.0788807549176,96,333.666666666667,8.90467822635127,18.7739796027132,0.44,19.2139796027132,20
"12807","Temarrick Hemingway","CAR","TE",0,102,367.666666666667,NA,0,0,0,21
"12816","David Morgan","MIN","TE",0,102,367.666666666667,NA,0,0,0,21
"12859","Stephen Anderson","NEP","TE",16.8438938938939,81.6666666666667,304.333333333333,12.6525846050655,23.6419161821705,0.471666666666667,24.1135828488372,16
"12868","Ben Braunecker","CHI","TE",0,102,367.666666666667,NA,0,0,0,21
"12898","Ross Travis","IND","TE",0,102,367.666666666667,NA,0,0,0,21
"12899","Cole Wick","TEN","TE",0,102,367.666666666667,NA,0,0,0,21
"12955","Chris Manhertz","CAR","TE",14.4301921921922,91,319,10.9935168162453,18.5822634689922,0.541533333333334,19.1237968023256,19
"13065","Eric Tomlinson","NYJ","TE",18.9781206007443,70.6666666666667,292.333333333333,7.92292742915577,19.4931934036939,1.6143,21.1074934036939,15
"13067","Alex Ellis","KCC","TE",0,102,367.666666666667,NA,0,0,0,21
"13188","O.J. Howard","TBB","TE",124.458454247126,4,48,4.81720974178565,9.87777577519377,119.8972,129.774975775194,2
"13189","Evan Engram","NYG","TE",115.63594686535,5,53.3333333333333,1.85256936998889,4.13094166666667,112.2166,116.347541666667,2
"13190","Jake Butt","DEN","TE",0,102,367.666666666667,NA,0,0,0,21
"13191","Bucky Hodges","PIT","TE",0,102,367.666666666667,NA,0,0,0,21
"13192","David Njoku","CLE","TE",98.5109736819585,10,74,7.60601405799299,17.8775666666667,92.0591,109.936666666667,2
"13193","Jonnu Smith","TEN","TE",32.7768905540418,49,249,4.99647015513016,11.2013375,28.3144,39.5157375,12
"13194","Jeremy Sprinkle","WAS","TE",0,102,367.666666666667,NA,0,0,0,21
"13195","Jordan Leggett","TBB","TE",0,102,367.666666666667,NA,0,0,0,21
"13236","Gerald Everett","LAR","TE",48.2950508073818,33.3333333333333,205.333333333333,7.67641475054175,17.9311041666667,40.742,58.6731041666667,7
"13246","Mo Alie-Cox","IND","TE",25.0599708189158,57.3333333333333,269,12.1264311457466,30.0314841085271,17.3262,47.3576841085271,13
"13254","Adam Shaheen","CHI","TE",38.8581903114187,43,232.333333333333,18.8218500472441,35.0974375,20.901,55.9984375,10
"13299","George Kittle","SFO","TE",156.581949172155,2,27.6666666666667,13.0210129048591,33.3768257695691,132.9293,166.306125769569,1
"13315","Eric Saubert","ATL","TE",0,102,367.666666666667,NA,0,0,0,21
"13366","Mason Schreck","CIN","TE",0,102,367.666666666667,NA,0,0,0,21
"13369","Cethan Carter","CIN","TE",0,102,367.666666666667,NA,0,0,0,21
"13382","Ricky Seals-Jones","ARI","TE",44.6754832756632,38,219.666666666667,7.42548129457809,17.2853172823219,39.41,56.6953172823219,8
"13391","Jacob Hollister","SEA","TE",9.53833795013851,101,346,2.32795464736294,2.92653,7.968,10.89453,20
"13396","Darrell Daniels","ARI","TE",0,102,367.666666666667,NA,0,0,0,21
"13411","Tyrone Swoopes","SEA","TE",12.1237437437437,95.3333333333333,332.666666666667,9.22606929219531,15.6889234496124,0.448666666666667,16.1375901162791,20
"13427","Robert Tonyan","GBP","TE",17.6148828828829,77.6666666666667,299.666666666667,13.4738289426636,22.3133310077519,0.691466666666667,23.0047976744186,16
"13438","Sean Culkin","LAC","TE",0,102,367.666666666667,NA,0,0,0,21
"13445","Antony Auclair","TBB","TE",12.0282602602603,96.6666666666667,334,9.10161879399629,16.0105062015504,0.408533333333334,16.4190395348837,20
"13476","Evan Baylis","GBP","TE",0,102,367.666666666667,NA,0,0,0,21
"13511","Cole Hikutini","MIN","TE",0,102,367.666666666667,NA,0,0,0,21
"13549","Jason Vander Laan","CAR","TE",0,102,367.666666666667,NA,0,0,0,21
"13671","Mark Andrews","BAL","TE",83.0485778546713,14,101,17.7393117715657,30.8728125,66.683,97.5558125,3
"13672","Mike Gesicki","MIA","TE",52.4043052647245,28,195,6.71497677971109,13.1223489885664,46.8216,59.9439489885664,6
"13673","Troy Fumagalli","DEN","TE",0,102,367.666666666667,NA,0,0,0,21
"13674","Dallas Goedert","PHI","TE",72.0016480968858,21.6666666666667,142.666666666667,6.07386967396886,15.6942666666667,61.5494,77.2436666666667,4
"13675","Tyler Conklin","MIN","TE",16.6523723723724,82.6666666666667,305.333333333333,12.6130017567512,22.0470242248062,0.575333333333334,22.6223575581395,16
"13676","Durham Smythe","MIA","TE",0,102,367.666666666667,NA,0,0,0,21
"13678","Ian Thomas","CAR","TE",46.5794614763552,35.6666666666667,212.333333333333,7.70793355311408,16.9259953488372,39.6379,56.5638953488372,8
"13679","Chris Herndon","NYJ","TE",69.3038344867359,23,150.333333333333,4.21509969610422,8.85254166666665,65.5105,74.3630416666667,4
"13680","Hayden Hurst","BAL","TE",46.4053185697809,36.3333333333333,214,13.0242926883295,26.54305,33.5267,60.06975,8
"13722","Blake Jarwin","DAL","TE",42.8477259515571,40,225,13.7648164338419,32.2943791666667,32.7756,65.0699791666667,9
"13728","Billy Brown","IND","TE",0,102,367.666666666667,NA,0,0,0,21
"13753","Jordan Akins","HOU","TE",29.6025607843137,51.3333333333333,256.333333333333,16.1070660769039,34.9238416666667,10.9012,45.8250416666667,12
"13763","Will Dissly","SEA","TE",51.5883321799308,29.6666666666667,196.666666666667,27.3744449519211,64.4526666666667,8.691,73.1436666666667,6
"13772","Dalton Schultz","DAL","TE",14.4024302149561,89.3333333333333,318.333333333333,8.26447885473688,18.8161351666667,7.60293333333333,26.4190685,19
"13819","Jordan Thomas","HOU","TE",37.1107258362168,45,237,7.83306833944851,17.8961837209302,29.3637,47.2598837209302,11
"13847","Ryan Izzo","NEP","TE",0,102,367.666666666667,NA,0,0,0,21
"13857","Deon Yelder","KCC","TE",0,102,367.666666666667,NA,0,0,0,21
"13880","Dan Arnold","NOS","TE",19.1827961937716,69.3333333333333,291,10.5449025519283,23.0920541666667,7.8733,30.9653541666667,15
"13890","Jason Croom","BUF","TE",24.9005299283154,56,267.666666666667,17.5439248312067,37.7563483729112,1.2237,38.9800483729112,13
"13919","Anthony Firkser","TEN","TE",19.3286159057744,68.6666666666667,290.666666666667,10.3505675193279,19.1029083333333,10.6197333333333,29.7226416666667,15
"13940","Johnny Mundt","LAR","TE",0,102,367.666666666667,NA,0,0,0,21
"13988","Ross Dwelley","SFO","TE",0,102,367.666666666667,NA,0,0,0,21
"13995","Jordan Franks","CIN","TE",11.2152652652653,98,339,8.4044695664673,16.2571487403101,0.271666666666667,16.5288154069767,20
"14137","Noah Fant","DEN","TE",75.20046957235,19,128,8.5587288641205,13.3594942832014,68.6933333333333,82.0528276165347,4
"14138","T.J. Hockenson","DET","TE",72.197167006578,21.3333333333333,142,8.81377699676866,15.2449208443272,65.7133333333334,80.9582541776605,4
"14139","Alize Mack","NOS","TE",17.5,79,301.333333333333,NA,0,17.5,17.5,16
"14140","Jace Sternberger","GBP","TE",47.7230193786344,34,209.333333333333,31.7209993260087,54.4359496124031,2.40666666666667,56.8426162790698,7
"14141","Irv Smith Jr.","MIN","TE",24.5692572937313,56.6666666666667,270.666666666667,17.3642558026079,35.6244327176781,3.24,38.8644327176781,13
"14142","Kaden Smith","SFO","TE",18.5,73.3333333333333,295.333333333333,NA,0,18.5,18.5,15
"14143","Dawson Knox","BUF","TE",18.7,71.6666666666667,293.333333333333,13.4360345387923,16.7792635658915,0.623333333333334,17.4025968992248,15
"14144","Isaac Nauta","DET","TE",17.2,80.6666666666667,303,NA,0,17.2,17.2,16
"14146","Drew Sample","CIN","TE",14.8388172043011,88.3333333333333,315,20.9731469618902,26.1918023255814,1.583,27.7748023255814,18
"14195","Kahale Warring","HOU","TE",40.4839096357769,40.6666666666667,227.333333333333,9.62796057859982,12.0806244503078,35.6466666666667,47.7272911169745,9
"14209","Josh Oliver","JAC","TE",21.5652688172043,62.6666666666667,282,29.7676422963724,37.1745930232558,2.751,39.9255930232558,14
"14239","Foster Moreau","OAK","TE",18,75.3333333333333,297.333333333333,12.9330813742386,16.1511627906977,0.600000000000001,16.7511627906977,16
"14240","Zach Gentry","PIT","TE",19.8,66.3333333333333,288,14.2263895116624,17.7662790697674,0.660000000000001,18.4262790697674,15
"14319","Andrew Beck","NEP","TE",0,102,367.666666666667,NA,0,0,0,21
"6997","Jason Witten","DAL","TE",57.3361022286714,25,184.666666666667,5.48043260128178,13.2620552330695,53.47,66.7320552330695,5
"7422","Ben Watson","NEP","TE",51.9665338915471,29,196.666666666667,29.3187910173191,63.4238905013192,3.2795,66.7033905013192,6
"8247","Vernon Davis","WAS","TE",49.9782385236448,30.3333333333333,200,5.75728609986264,10.5441786821705,44.9818,55.5259786821705,7
"8269","Marcedes Lewis","GBP","TE",13.5964924242424,94,325.333333333333,9.80897061656605,23.1971703003876,0.65,23.8471703003876,19
"8416","Delanie Walker","TEN","TE",90.5548334858801,11,86.6666666666667,11.8001475612501,28.2768166666667,81.0296,109.306416666667,3
"8687","Greg Olsen","CAR","TE",80.5563213379469,18,110.666666666667,13.4696720385643,26.4495791666667,66.1654,92.6149791666667,3
"9474","Jared Cook","NOS","TE",112.23154709603,7,57,9.08414961497657,19.2696156976744,103.2513,122.520915697674,2
"9912","Ed Dickson","SEA","TE",31.8718664540138,50,250.666666666667,18.7996206762754,41.0717337209302,2.26,43.3317337209302,12
"9925","Jimmy Graham","GBP","TE",85.1357620902631,12,95,7.74039005062492,15.73505,76.9882,92.72325,3
"0501","Buffalo Bills","BUF","DST",108.721391493886,15,129.333333333333,15.366284750582,25.6221595930233,95.082,120.704159593023,10
"0502","Indianapolis Colts","IND","DST",109.780176234501,10.3333333333333,122.666666666667,6.32458007630307,10.1581215116279,104.344,114.502121511628,7
"0503","Miami Dolphins","MIA","DST",95.1629582121719,27.3333333333333,174,2.6740182969925,5.63739399224805,91.3053333333333,96.9427273255814,18
"0504","New England Patriots","NEP","DST",109.327558637478,12.3333333333333,125,7.95397653237929,13.7320848861284,101.6156,115.347684886128,8
"0505","New York Jets","NYJ","DST",101.049959541252,23,157.666666666667,10.8770402712302,21.3259308139535,88.176,109.501930813953,15
"0506","Cincinnati Bengals","CIN","DST",95.28764056353,27.3333333333333,173.333333333333,14.6058391039107,25.7582013457557,81.1984,106.956601345756,18
"0507","Cleveland Browns","CLE","DST",113.344942902711,5.33333333333333,113.666666666667,5.7963285561795,9.37529347826087,108.3716,117.746893478261,5
"0508","Tennessee Titans","TEN","DST",99.6226357256778,24,162,7.05993390311363,12.5454088178295,92.5933333333333,105.138742151163,16
"0509","Jacksonville Jaguars","JAC","DST",112.159174958583,6.66666666666667,116.333333333333,1.779766375036,3.04571946169773,110.1344,113.180119461698,5
"0510","Pittsburgh Steelers","PIT","DST",109.168338809144,14,127,6.40257177359134,14.6909249482402,99.9954666666667,114.686391614907,9
"0511","Denver Broncos","DEN","DST",110.826682295107,8,118.666666666667,7.34089900580055,16.2683978682171,104.150666666667,120.419064534884,6
"0512","Kansas City Chiefs","KCC","DST",107.465645506165,16.3333333333333,135.333333333333,6.97295201058683,15.9545024224806,101.005333333333,116.959835755814,11
"0513","Oakland Raiders","OAK","DST",79.5129703349282,32,216.666666666667,7.85740164490201,12.4232505813954,73.472,85.8952505813954,21
"0514","Los Angeles Chargers","LAC","DST",109.771189950609,10.6666666666667,122.333333333333,11.3491649293603,18.2568095238095,100.622266666667,118.879076190476,7
"0515","Seattle Seahawks","SEA","DST",106.934054439128,18.6666666666667,138.666666666667,4.5626945011201,8.72962277131782,103.155333333333,111.884956104651,12
"0516","Dallas Cowboys","DAL","DST",102.039914779373,22,154.666666666667,7.40104744677445,14.3410989341085,93.7773333333333,108.118432267442,14
"0517","New York Giants","NYG","DST",95.6187717156276,26,171.666666666667,12.5614139136233,23.2773861283644,82.1750666666667,105.452452795031,17
"0518","Philadelphia Eagles","PHI","DST",109.767072458368,10,122,4.00054529759845,9.17949368530022,103.4096,112.5890936853,7
"0519","Arizona Cardinals","ARI","DST",107.521056510949,16.6666666666667,135.666666666667,8.65956403108462,18.4931257751938,96.1466666666667,114.63979244186,11
"0520","Washington Redskins","WAS","DST",104.00528825093,20,148,17.6145110642235,33.9572510658915,84.8266666666667,118.783917732558,13
"0521","Chicago Bears","CHI","DST",124.439802497127,1,86.3333333333333,10.4085470312056,16.4183444151275,115.536533333333,131.954877748461,1
"0522","Detroit Lions","DET","DST",94.4571195625175,30,177.666666666667,10.5280728390648,18.0194371124031,85.5066666666667,103.52610377907,19
"0523","Green Bay Packers","GBP","DST",102.411572993089,21,153,10.7307359310055,24.260328875969,93.0373333333333,117.297662209302,14
"0524","Minnesota Vikings","MIN","DST",115.518128866079,4,103.666666666667,9.28824923011827,19.4215362318841,104.1692,123.590736231884,4
"0525","Tampa Bay Buccaneers","TBB","DST",92.5804200941496,31,181.666666666667,8.56439304709443,16.6778037790698,82.568,99.2458037790698,20
"0526","Atlanta Falcons","ATL","DST",94.9493715029747,28.6666666666667,175.666666666667,3.02505554502355,5.65895426356589,92.1126666666667,97.7716209302326,18
"0527","Carolina Panthers","CAR","DST",106.978435617807,18.3333333333333,138.333333333333,8.4093816452769,14.8427418604651,98.694,113.536741860465,12
"0528","Los Angeles Rams","LAR","DST",119.42224162525,2.33333333333333,94,2.36285730867977,4.02916317829458,117.177333333333,121.206496511628,2
"0529","New Orleans Saints","NOS","DST",109.400589365814,11.6666666666667,124.333333333333,10.3359362246851,17.9116809108527,100.483333333333,118.395014244186,8
"0530","San Francisco 49ers","SFO","DST",95.8679618288145,25.6666666666667,170.666666666667,10.6193694632455,17.7935446705426,87.5346666666667,105.328211337209,17
"0531","Baltimore Ravens","BAL","DST",119.03009718235,2.66666666666667,95,10.3693956290625,17.2104749482402,110.320533333333,127.531008281574,3
"0532","Houston Texans","HOU","DST",112.66255959596,6,114.666666666667,6.03060838181312,10.6177720930232,107.252,117.869772093023,5
